uniqueID,site,plot,quad,ind,emerg.date,phen.1,itero.per?,date.1,stem.diam.1,height.1,total.branch.1,longest.leaf.1,buds_08-08-2017,flrs_08-08-2017,fruits_08-08-2017,longest.fruit.1,phen.2,date.2,stem.diam.2,height.2,total.branch.2,longest.leaf.2,buds_14-08-2017,flrs_14-08-2017,fruits_14-08-2017,longest.fruit.2,phen.3,date.3,stem.diam.3,height.3,total.branch.3,longest.leaf.3,buds_21-08-2017,flrs_21-08-2017,fruits_21-08-2017,longest.fruit.3,phen.4,date.4,stem.diam.4,height.4,total.branch.4,longest.leaf.4,buds_28-08-2017,flrs_28-08-2017,fruits_28-08-2017,longest.fruit.4,date.5,phen.5,stem.diam.5,height.5,total.branch.5,longest.leaf.5,buds_03-09-2017,flrs_03-09-2017,fruits_03-09-2017,longest.fruit.5,date.8,phen.8,stem.diam.8,height.8,total.branch.8,longest.leaf.8,buds_30-09-2017,flrs_30-09-2017,fruits_30-09-2017,longest.fruit.8,canopy.width.8
LVTR2.5 PNA QNA #1,LVTR2.5,NA,NA,1,(8/9/17),SX,N,8/9/17,2.28,18,1,NA,0,0,5,6.3,S,8/15/17,2.28,18,1,NA,0,0,5,6.3,SX,8/21/17,NA,NA,NA,NA,0,0,0,NA,SX,8/28/17,NA,NA,NA,NA,0,0,0,NA,9/2/17,SX,NA,NA,NA,NA,0,0,0,NA,9/30/17,SX,NA,NA,NA,NA,0,0,0,NA,NA
LVTR2.5 PNA QNA #2,LVTR2.5,NA,NA,2,(8/9/17),F,N,8/9/17,1.49,14,2,NA,0,2,6,4.4,S,8/15/17,1.49,14,2,NA,0,0,6,4.4,P,8/21/17,1.49,14,2,NA,6,0,6,4.4,F,8/28/17,1.49,14,2,NA,6,4,6,4.4,9/2/17,F,1.49,14,2,NA,3,2,9,4.4,9/30/17,SX,NA,NA,NA,NA,0,0,0,NA,NA
LVTR2.5 PNA QNA #3,LVTR2.5,NA,NA,3,(8/9/17),V,N,8/9/17,2.46,4,2,1.1,0,0,0,NA,V,8/15/17,2.46,4,2,1,0,0,0,NA,V,8/21/17,2.46,4.5,2,1.4,0,0,0,NA,V,8/28/17,3.67,4.5,2,1.4,0,0,0,NA,9/2/17,V,4.15,4.5,2,1.4,0,0,0,NA,9/30/17,V,3.8,2.6,1,1.4,0,0,0,NA,2.5
LVTR2.5 PNA QNA #4,LVTR2.5,NA,NA,4,(8/9/17),V,N,8/9/17,1.1,2,1,0.9,0,0,0,NA,V,8/15/17,1.1,2,1,0.9,0,0,0,NA,V,8/21/17,1.1,3.2,1,0.9,0,0,0,NA,V,8/28/17,1.46,3.2,1,1.2,0,0,0,NA,9/2/17,V,1.62,3.5,1,1.2,0,0,0,NA,9/30/17,V,3.01,2.5,1,1.1,0,0,0,NA,2.3
LVTR2.5 PNA QNA #5,LVTR2.5,NA,NA,5,(8/9/17),SX,N,8/9/17,1.78,8.7,1,NA,0,0,4,3.5,SX,8/15/17,1.78,8.7,1,NA,0,0,4,3.5,SX,8/21/17,NA,NA,NA,NA,0,0,0,NA,SX,8/28/17,NA,NA,NA,NA,0,0,0,NA,9/2/17,SX,NA,NA,NA,NA,0,0,0,NA,9/30/17,SX,NA,NA,NA,NA,0,0,0,NA,NA
LVTR2.5 PNA QNA #6,LVTR2.5,NA,NA,6,(8/9/17),V,N,8/9/17,1.31,5.1,3,0.7,0,0,0,NA,V,8/15/17,1.31,5.1,3,0.7,0,0,0,NA,V,8/21/17,1.31,5.1,3,1,0,0,0,NA,V,8/28/17,1.31,5.1,3,1,0,0,0,NA,9/2/17,V,1.5,5.1,3,1,0,0,0,NA,9/30/17,V,2.3,4.5,2,1.2,0,0,0,NA,2.5
LVTR2.5 PNA QNA #7,LVTR2.5,NA,NA,7,(8/9/17),SX,N,8/9/17,1.94,10.4,1,NA,0,0,3,5.3,SX,8/15/17,1.94,10.4,1,NA,0,0,3,5.3,SX,8/21/17,NA,NA,NA,NA,0,0,0,NA,SX,8/28/17,NA,NA,NA,NA,0,0,0,NA,9/2/17,SX,NA,NA,NA,NA,0,0,0,NA,9/30/17,SX,NA,NA,NA,NA,0,0,0,NA,NA
LVTR2.5 PNA QNA #8,LVTR2.5,NA,NA,8,(8/9/17),V,N,8/9/17,1.67,4.5,1,1.3,0,0,0,NA,V,8/15/17,1.67,4.5,1,1.3,0,0,0,NA,V,8/21/17,1.67,4.8,1,1.5,0,0,0,NA,V,8/28/17,1.67,5.5,1,1.5,0,0,0,NA,9/2/17,V,2.16,5.5,1,1.5,0,0,0,NA,9/30/17,V,1.82,6.5,1,1.4,0,0,0,NA,NA
LVTR2.5 PNA QNA #9,LVTR2.5,NA,NA,9,(8/9/17),SX,N,8/9/17,1.8,13,4,NA,0,0,11,6.4,SX,8/15/17,1.8,13,4,NA,0,0,11,6.3,SX,8/21/17,NA,NA,NA,NA,0,0,0,NA,SX,8/28/17,NA,NA,NA,NA,0,0,0,NA,9/2/17,SX,NA,NA,NA,NA,0,0,0,NA,9/30/17,SX,NA,NA,NA,NA,0,0,0,NA,2.9
LVTR2.5 PNA QNA #10,LVTR2.5,NA,NA,10,(8/9/17),V,N,8/9/17,1.7,2.5,1,0.7,0,0,0,NA,V,8/15/17,1.7,2.5,1,0.7,0,0,0,NA,V,8/21/17,1.7,2.5,1,0.7,0,0,0,NA,V,8/28/17,1.7,2.5,1,0.7,0,0,0,NA,9/2/17,V,1.7,2.5,1,0.7,0,0,0,NA,9/30/17,V,1.47,1.3,1,0.9,0,0,0,NA,NA
LVTR2.5 PNA QNA #11,LVTR2.5,NA,NA,11,(8/9/17),SX,N,8/9/17,1.64,10,1,NA,0,0,3,4.7,SX,8/15/17,1.64,10,1,NA,0,0,3,4.7,SX,8/21/17,NA,NA,NA,NA,0,0,0,NA,SX,8/28/17,NA,NA,NA,NA,0,0,0,NA,9/2/17,SX,NA,NA,NA,NA,0,0,0,NA,9/30/17,SX,NA,NA,NA,NA,0,0,0,NA,1.8
LVTR2.5 PNA QNA #12,LVTR2.5,NA,NA,12,(8/9/17),SX,N,8/9/17,1.99,18.4,1,NA,0,0,5,5.7,SX,8/15/17,1.99,18.4,1,NA,0,0,5,5.7,SX,8/21/17,NA,NA,NA,NA,0,0,0,NA,SX,8/28/17,NA,NA,NA,NA,0,0,0,NA,9/2/17,SX,NA,NA,NA,NA,0,0,0,NA,9/30/17,SX,NA,NA,NA,NA,0,0,0,NA,NA
LVTR2.5 PNA QNA #13,LVTR2.5,NA,NA,13,(8/9/17),SX,N,8/9/17,1.83,12,3,NA,0,0,8,4.6,S,8/15/17,1.83,12,3,NA,0,0,8,4.6,SX,8/21/17,NA,NA,NA,NA,0,0,0,NA,SX,8/28/17,NA,NA,NA,NA,0,0,0,NA,9/2/17,SX,NA,NA,NA,NA,0,0,0,NA,9/30/17,F,0.9,11,6,4,2,2,0,NA,0.9
LVTR2.5 PNA QNA #14,LVTR2.5,NA,NA,14,(8/9/17),SX,N,8/9/17,4.08,15.5,5,NA,0,0,23,5.2,S,8/15/17,4.08,15.5,5,NA,0,0,23,5.2,SX,8/21/17,NA,NA,NA,NA,0,0,0,NA,SX,8/28/17,NA,NA,NA,NA,0,0,0,NA,9/2/17,SX,NA,NA,NA,NA,0,0,0,NA,9/30/17,SX,NA,NA,NA,NA,0,0,0,NA,NA
LVTR2.5 PNA QNA #15,LVTR2.5,NA,NA,15,(8/9/17),SX,N,8/9/17,1.66,13.5,2,NA,0,0,4,5,S,8/15/17,1.66,13.5,2,NA,0,0,4,5,SX,8/21/17,NA,NA,NA,NA,0,0,0,NA,SX,8/28/17,NA,NA,NA,NA,0,0,0,NA,9/2/17,SX,NA,NA,NA,NA,0,0,0,NA,9/30/17,SX,NA,NA,NA,NA,0,0,0,NA,NA
LVTR2.5 PNA QNA #16,LVTR2.5,NA,NA,16,(8/9/17),SX,N,8/9/17,1.98,12,1,NA,0,0,5,4.7,SX,8/15/17,1.98,12,1,NA,0,0,5,4.7,SX,8/21/17,NA,NA,NA,NA,0,0,0,NA,SX,8/28/17,NA,NA,NA,NA,0,0,0,NA,9/2/17,SX,NA,NA,NA,NA,0,0,0,NA,9/30/17,SX,NA,NA,NA,NA,0,0,0,NA,NA
LVTR2.5 PNA QNA #17,LVTR2.5,NA,NA,17,(8/9/17),SX,N,8/9/17,2.51,11.5,4,NA,0,0,9,5.6,SX,8/15/17,2.51,11.5,4,NA,0,0,9,5.6,SX,8/21/17,NA,NA,NA,NA,0,0,0,NA,SX,8/28/17,NA,NA,NA,NA,0,0,0,NA,9/2/17,SX,NA,NA,NA,NA,0,0,0,NA,9/30/17,SX,NA,NA,NA,NA,0,0,0,NA,NA
LVTR2.5 PNA QNA #18,LVTR2.5,NA,NA,18,(8/9/17),V,N,8/9/17,1.75,4,1,1.1,0,0,0,NA,V,8/15/17,1.75,4,1,1.1,0,0,0,NA,V,8/21/17,1.75,4,1,1.1,0,0,0,NA,V,8/28/17,1.75,4,1,1.1,0,0,0,NA,9/2/17,V,2,4,1,1.1,0,0,0,NA,9/30/17,V,2.4,3.3,1,1,0,0,0,NA,1.4
LVTR2.5 PNA QNA #19,LVTR2.5,NA,NA,19,(8/9/17),V,N,8/9/17,1.5,3.5,1,0.6,0,0,0,NA,V,8/15/17,1.52,3.5,1,0.6,0,0,0,NA,V,8/21/17,1.52,3.5,1,0.6,0,0,0,NA,V,8/28/17,1.52,3.5,1,0.6,0,0,0,NA,9/2/17,V,1.52,3.5,1,0.6,0,0,0,NA,9/30/17,V,1.44,2.1,1,0.4,0,0,0,NA,1
LVTR2.5 PNA QNA #20,LVTR2.5,NA,NA,20,(8/9/17),V,N,8/9/17,1.67,3.3,1,0.5,0,0,0,NA,V,8/15/17,1.67,3.3,1,0.5,0,0,0,NA,V,8/21/17,1.67,3.3,1,0.5,0,0,0,NA,V,8/28/17,1.67,3.3,1,0.5,0,0,0,NA,9/2/17,V,1.67,3.3,1,0.5,0,0,0,NA,9/30/17,V,2.71,4.1,1,0.4,0,0,0,NA,0.7
LVTR2.5 PNA QNA #21,LVTR2.5,NA,NA,21,(8/9/17),V,N,8/9/17,1.58,5.2,1,0.6,0,0,0,NA,V,8/15/17,1.58,5.2,1,0.6,0,0,0,NA,V,8/21/17,1.58,5.2,1,0.6,0,0,0,NA,V,8/28/17,1.58,5.2,1,0.6,0,0,0,NA,9/2/17,V,1.58,5.2,1,0.6,0,0,0,NA,9/30/17,V,1.61,5.1,1,0.9,0,0,0,NA,1.3
LVTR2.5 PNA QNA #22,LVTR2.5,NA,NA,22,(8/9/17),SX,N,8/9/17,1.43,8.5,1,NA,0,0,2,4.8,SX,8/15/17,1.43,8.5,1,NA,0,0,2,4.8,SX,8/21/17,NA,NA,NA,NA,0,0,0,NA,SX,8/28/17,NA,NA,NA,NA,0,0,0,NA,9/2/17,SX,NA,NA,NA,NA,0,0,0,NA,9/30/17,SX,NA,NA,NA,NA,0,0,0,NA,NA
LVTR2.5 PNA QNA #23,LVTR2.5,NA,NA,23,(8/9/17),SX,N,8/9/17,2.24,14.1,1,NA,0,0,3,6.3,SX,8/15/17,2.24,14.1,1,NA,0,0,3,6.3,SX,8/21/17,NA,NA,NA,NA,0,0,0,NA,SX,8/28/17,NA,NA,NA,NA,0,0,0,NA,9/2/17,SX,NA,NA,NA,NA,0,0,0,NA,9/30/17,SX,NA,NA,NA,NA,0,0,0,NA,NA
LVTR2.5 PNA QNA #24,LVTR2.5,NA,NA,24,(8/9/17),SX,N,8/9/17,1.69,12.8,1,NA,0,0,3,5.6,SX,8/15/17,1.69,12.8,1,NA,0,0,3,5.6,SX,8/21/17,NA,NA,NA,NA,0,0,0,NA,SX,8/28/17,NA,NA,NA,NA,0,0,0,NA,9/2/17,SX,NA,NA,NA,NA,0,0,0,NA,9/30/17,SX,NA,NA,NA,NA,0,0,0,NA,NA
LVTR2.5 PNA QNA #25,LVTR2.5,NA,NA,25,(8/9/17),SX,N,8/9/17,2.52,20.8,1,NA,0,0,10,7.3,P,8/15/17,2.52,20.8,1,NA,0,0,10,7.3,SX,8/21/17,NA,NA,NA,NA,0,0,0,NA,SX,8/28/17,NA,NA,NA,NA,0,0,0,NA,9/2/17,SX,NA,NA,NA,NA,0,0,0,NA,9/30/17,SX,NA,NA,NA,NA,0,0,0,NA,NA
LVTR2 PNA QNA #1,LVTR2,NA,NA,1,(8/9/17),P,N,8/9/17,1.85,11.1,1,NA,0,0,4,6.9,S,8/15/17,1.85,11.1,1,NA,0,0,4,6.9,SX,8/21/17,NA,NA,NA,NA,0,0,0,NA,SX,8/28/17,NA,NA,NA,NA,0,0,0,NA,9/2/17,SX,NA,NA,NA,NA,0,0,0,NA,9/30/17,SX,NA,NA,NA,NA,0,0,0,NA,NA
LVTR2 PNA QNA #2,LVTR2,NA,NA,2,(8/9/17),V,N,8/9/17,1.65,2,1,1.1,0,0,0,NA,V,8/15/17,1.65,2,1,1.1,0,0,0,NA,V,8/21/17,1.65,2.3,1,1.1,0,0,0,NA,V,8/28/17,1.65,2.3,1,1.1,0,0,0,NA,9/2/17,V,1.83,2.3,1,1.1,0,0,0,NA,9/30/17,V,2.49,2.4,1,1.2,0,0,0,NA,2.5
LVTR2 PNA QNA #3,LVTR2,NA,NA,3,(8/9/17),V,N,8/9/17,1.27,4,1,0.6,0,0,0,NA,V,8/15/17,1.27,4,1,0.6,0,0,0,NA,V,8/21/17,1.27,4,1,0.6,0,0,0,NA,V,8/28/17,1.27,4,1,0.6,0,0,0,NA,9/2/17,V,1.27,4,1,0.6,0,0,0,NA,9/30/17,X,NA,NA,NA,NA,0,0,0,NA,NA
LVTR2 PNA QNA #4,LVTR2,NA,NA,4,(8/9/17),V,N,8/9/17,3.16,3,1,0.9,0,0,0,NA,V,8/15/17,3.16,3,1,0.9,0,0,0,NA,V,8/21/17,3.16,3,1,0.9,0,0,0,NA,V,8/28/17,3.16,3,1,0.9,0,0,0,NA,9/2/17,V,3.58,3,1,0.9,0,0,0,NA,9/30/17,V,2.3,2.2,1,1,0,0,0,NA,1.6
LVTR2 PNA QNA #5,LVTR2,NA,NA,5,(8/9/17),V,N,8/9/17,0.75,1.2,1,0.4,0,0,0,NA,V,8/15/17,0.75,1.2,1,0.4,0,0,0,NA,V,8/21/17,0.75,4,1,0.4,0,0,0,NA,V,8/28/17,0.75,4,1,0.4,0,0,0,NA,9/2/17,V,0.75,4,1,0.4,0,0,0,NA,9/30/17,V,0.86,4.5,1,1.1,0,0,0,NA,1.6
LVTR2 PNA QNA #6,LVTR2,NA,NA,6,(8/9/17),V,N,8/9/17,1.84,4.3,1,0.2,0,0,0,NA,V,8/15/17,1.84,4.3,1,0.2,0,0,0,NA,V,8/21/17,1.84,4.3,1,0.2,0,0,0,NA,V,8/28/17,1.84,5,1,0.2,0,0,0,NA,9/2/17,V,2.66,5,1,0.2,0,0,0,NA,9/30/17,V,2.05,5.5,3,1.9,0,0,0,NA,3.1
LVTR2 PNA QNA #7,LVTR2,NA,NA,7,(8/9/17),V,N,8/9/17,1.74,3.2,1,1.1,0,0,0,NA,V,8/15/17,1.74,3.2,1,1.1,0,0,0,NA,V,8/21/17,1.74,3.2,1,1.1,0,0,0,NA,V,8/28/17,1.74,3.2,1,1.1,0,0,0,NA,9/2/17,V,1.74,3.2,1,1.1,0,0,0,NA,9/30/17,V,2.15,3.8,1,1.6,0,0,0,NA,2.6
LVTR2 PNA QNA #8,LVTR2,NA,NA,8,(8/9/17),P,N,8/9/17,2.38,9.5,2,NA,0,0,2,3.5,P,8/15/17,2.38,9.5,2,NA,0,0,2,3.5,P,8/21/17,2.85,9.5,4,NA,0,0,2,3.5,P,8/28/17,2.85,9.5,4,NA,0,0,2,3.5,9/2/17,P,2.85,9.5,4,NA,0,0,0,NA,9/30/17,P,3.41,11.5,4,NA,0,0,0,NA,NA
LVTR2 PNA QNA #9,LVTR2,NA,NA,9,(8/9/17),V,N,8/9/17,0.85,5.8,1,2.1,0,0,0,NA,V,8/15/17,0.85,5.8,1,2.1,0,0,0,NA,V,8/21/17,1,4,1,2.1,0,0,0,NA,V,8/28/17,1,2.6,1,NA,0,0,0,NA,9/2/17,X,NA,NA,NA,NA,0,0,0,NA,9/30/17,X,NA,NA,NA,NA,0,0,0,NA,NA
LVTR2 PNA QNA #10,LVTR2,NA,NA,10,(8/9/17),S,N,8/9/17,1.65,12.5,1,NA,0,0,3,5.7,S,8/15/17,1.65,12.5,1,NA,0,0,3,5.7,SX,8/21/17,NA,NA,NA,NA,0,0,0,NA,SX,8/28/17,NA,NA,NA,NA,0,0,0,NA,9/2/17,SX,NA,NA,NA,NA,0,0,0,NA,9/30/17,V,1.81,13,(2VB),1,0,0,0,NA,1.4
LVTR2 PNA QNA #11,LVTR2,NA,NA,11,(8/9/17),V,N,8/9/17,0.82,2.6,1,1.1,0,0,0,NA,V,8/15/17,0.82,2.6,1,1.1,0,0,0,NA,V,8/21/17,0.82,2.6,1,1.1,0,0,0,NA,V,8/28/17,0.82,5.5,1,2.2,0,0,0,NA,9/2/17,V,0.82,5.5,1,2.2,0,0,0,NA,9/30/17,X,NA,NA,NA,NA,0,0,0,NA,NA
LVTR2 PNA QNA #12,LVTR2,NA,NA,12,(8/9/17),S,N,8/9/17,2.1,23.2,3,NA,0,0,2,4.9,S,8/15/17,2.1,23.2,3,NA,0,0,2,4.9,SX,8/21/17,NA,NA,NA,NA,0,0,0,NA,SX,8/28/17,NA,NA,NA,NA,0,0,0,NA,9/2/17,SX,NA,NA,NA,NA,0,0,0,NA,9/30/17,SX,NA,NA,NA,NA,0,0,0,NA,NA
LVTR2 PNA QNA #13,LVTR2,NA,NA,13,(8/9/17),P,N,8/9/17,3.84,20,13,NA,0,0,55,5.5,P,8/15/17,3.84,20,13,NA,0,0,55,5.5,SX,8/21/17,NA,NA,NA,NA,0,0,0,NA,SX,8/28/17,NA,NA,NA,NA,0,0,0,NA,9/2/17,SX,NA,NA,NA,NA,0,0,0,NA,9/30/17,SX,NA,NA,NA,NA,0,0,0,NA,NA
LVTR2 PNA QNA #14,LVTR2,NA,NA,14,(8/9/17),P,N,8/9/17,2.03,24,1,NA,0,0,7,5.4,P,8/15/17,2.03,24,1,NA,0,0,7,5.4,SX,8/21/17,NA,NA,NA,NA,0,0,0,NA,SX,8/28/17,NA,NA,NA,NA,0,0,0,NA,9/2/17,SX,NA,NA,NA,NA,0,0,0,NA,9/30/17,SX,NA,NA,NA,NA,0,0,0,NA,NA
LVTR2 PNA QNA #15,LVTR2,NA,NA,15,(8/9/17),V,N,8/9/17,1.96,3,2,0.7,0,0,0,NA,V,8/15/17,1.96,3,2,0.7,0,0,0,NA,V,8/21/17,1.96,3,2,0.7,0,0,0,NA,V,8/28/17,1.96,3,2,0.7,0,0,0,NA,9/2/17,X,NA,NA,NA,NA,0,0,0,NA,9/30/17,SX,NA,NA,NA,NA,0,0,0,NA,NA
LVTR2 PNA QNA #16,LVTR2,NA,NA,16,(8/9/17),SX,N,8/9/17,2.61,19,1,NA,0,0,7,5.8,SX,8/15/17,2.61,19,1,NA,0,0,7,5.8,SX,8/21/17,NA,NA,NA,NA,0,0,0,NA,SX,8/28/17,NA,NA,NA,NA,0,0,0,NA,9/2/17,SX,NA,NA,NA,NA,0,0,0,NA,9/30/17,SX,NA,NA,NA,NA,0,0,0,NA,NA
LVTR2 PNA QNA #17,LVTR2,NA,NA,17,(8/9/17),SX,N,8/9/17,2.27,14.5,1,NA,0,0,2,5.2,SX,8/15/17,2.27,14.5,1,NA,0,0,2,5.2,SX,8/21/17,NA,NA,NA,NA,0,0,0,NA,SX,8/28/17,NA,NA,NA,NA,0,0,0,NA,9/2/17,F,3,13,3,NA,4,1,2,5,9/30/17,SX,NA,NA,NA,NA,0,0,0,NA,NA
LVTR2 PNA QNA #18,LVTR2,NA,NA,18,(8/9/17),P,N,8/9/17,2.74,24.6,1,NA,0,0,10,6.4,S,8/15/17,2.74,24.6,1,NA,0,0,10,6.4,SX,8/21/17,NA,NA,NA,NA,0,0,0,NA,SX,8/28/17,NA,NA,NA,NA,0,0,0,NA,9/2/17,X,NA,NA,NA,NA,0,0,0,NA,9/30/17,SX,NA,NA,NA,NA,0,0,0,NA,NA
LVTR2 PNA QNA #19,LVTR2,NA,NA,19,(8/9/17),F,N,8/9/17,1.66,10,3,NA,0,1,0,NA,P,8/15/17,1.66,10,3,NA,0,0,0,NA,P,8/21/17,1.66,10,3,NA,2,0,0,NA,B,8/28/17,1.66,10,3,NA,2,0,0,NA,9/2/17,SX,NA,NA,NA,NA,0,0,0,NA,9/30/17,SX,NA,NA,NA,NA,0,0,0,NA,NA
LVTR2 PNA QNA #20,LVTR2,NA,NA,20,(8/9/17),SX,N,8/9/17,1.47,18.5,1,NA,0,0,4,4,SX,8/15/17,1.47,18.5,1,NA,0,0,4,4,SX,8/21/17,NA,NA,NA,NA,0,0,0,NA,SX,8/28/17,NA,NA,NA,NA,0,0,0,NA,9/2/17,SX,NA,NA,NA,NA,0,0,0,NA,9/30/17,SX,NA,NA,NA,NA,0,0,0,NA,NA
LVTR2 PNA QNA #21,LVTR2,NA,NA,21,(8/9/17),SX,N,8/9/17,2.06,15,1,NA,0,0,5,5.6,SX,8/15/17,2.06,15,1,NA,0,0,5,5.6,SX,8/21/17,NA,NA,NA,NA,0,0,0,NA,SX,8/28/17,NA,NA,NA,NA,0,0,0,NA,9/2/17,SX,NA,NA,NA,NA,0,0,0,NA,9/30/17,SX,NA,NA,NA,NA,0,0,0,NA,NA
LVTR2 PNA QNA #22,LVTR2,NA,NA,22,(8/9/17),V,N,8/9/17,1.17,8.3,1,1.5,0,0,0,NA,V,8/15/17,1.17,8.3,1,1.5,0,0,0,NA,V,8/21/17,1.17,8.3,1,1.5,0,0,0,NA,V,8/28/17,1.17,8.3,1,1.5,0,0,0,NA,9/2/17,V,1.17,8.3,1,1.5,0,0,0,NA,9/30/17,V,1.74,1.7,1,NA,0,0,0,NA,1.6
LVTR2 PNA QNA #23,LVTR2,NA,NA,23,(8/9/17),V,N,8/9/17,~1.0*,3.3,1,0.6,0,0,0,NA,V,8/15/17,~1.0*,3.3,1,0.6,0,0,0,NA,V,8/21/17,~1.0*,3.3,1,0.6,0,0,0,NA,V,8/28/17,~1.0*,5,1,0.6,0,0,0,NA,9/2/17,V,1,5,1,0.6,0,0,0,NA,9/30/17,V,1.18,1.2,2,,0,0,0,NA,1.4
LVTR2 PNA QNA #24,LVTR2,NA,NA,24,(8/9/17),V,N,8/9/17,1.31,3,1,0.5,0,0,0,NA,V,8/15/17,1.31,3,1,0.5,0,0,0,NA,V,8/21/17,1.31,3,1,0.5,0,0,0,NA,V,8/28/17,1.31,4.5,1,0.5,0,0,0,NA,9/2/17,V,1.31,4.5,1,0.5,0,0,0,NA,9/30/17,V,1.49,1.5,1,,0,0,0,NA,1.1
LVTR2 PNA QNA #25,LVTR2,NA,NA,25,(8/9/17),V,N,8/9/17,1.49,3,1,1.4,0,0,0,NA,V,8/15/17,1.49,3,1,1.4,0,0,0,NA,V,8/21/17,1.49,3,1,1.4,0,0,0,NA,V,8/28/17,1.49,7,1,1.4,0,0,0,NA,9/2/17,V,1.49,7,1,1.4,0,0,0,NA,9/30/17,V,1.39,1.4,1,,0,0,0,NA,2.5
LVTR1 PNA QNA #1,LVTR1,NA,NA,1,(8/9/17),F,N,8/9/17,2.94,15.2,5,NA,5,3,5,7.5,F,8/15/17,2.74,15.2,5,NA,9,5,5,7.5,F,8/21/17,2.74,15.2,7,NA,12,4,10,7.5,F,8/28/17,2.74,15.2,7,NA,11,5,12,7.5,9/2/17,F,2.95,15.2,7,NA,7,4,14,6.6,9/30/17,S,2.09,15.2,7,NA,0,0,11,No,NA
LVTR1 PNA QNA #2,LVTR1,NA,NA,2,(8/9/17),P,N,8/9/17,1.65,13,1,NA,4,0,1,8,F,8/15/17,1.65,13,1,NA,18,1,1,8,F,8/21/17,2.06,13,6,NA,17,8,2,8,F,8/28/17,2.06,13,6,NA,13,6,7,8,9/2/17,F,2.99,15,6,NA,8,7,11,8,9/30/17,S,2.17,12.5,5,NA,0,0,12,5.4,NA
LVTR1 PNA QNA #3,LVTR1,NA,NA,3,(8/9/17),F,N,8/9/17,1.4,9.1,3,NA,8,5,0,NA,F,8/15/17,1.4,9.1,3,NA,9,4,2,1,F,8/21/17,1.4,10.8,3,NA,6,4,5,4.6,F,8/28/17,1.87,10.8,3,NA,3,4,6,4.6,9/2/17,F,1.87,10.8,3,NA,4,3,7,5,9/30/17,S,2.17,10.6,3,NA,0,0,6,No,NA
LVTR1 PNA QNA #4,LVTR1,NA,NA,4,(8/9/17),P,N,8/9/17,1.57,12,2,NA,0,0,5,6.3,S,8/15/17,1.57,12,2,NA,0,0,5,6.3,SX,8/21/17,NA,NA,NA,NA,0,0,0,NA,SX,8/28/17,NA,NA,NA,NA,0,0,0,NA,9/2/17,SX,NA,NA,NA,NA,0,0,0,NA,9/30/17,SX,NA,NA,NA,NA,0,0,0,NA,NA
LVTR1 PNA QNA #5,LVTR1,NA,NA,5,(8/9/17),P,N,8/9/17,1.9,10.5,3,NA,0,0,8,5.2,P,8/15/17,1.9,10.5,3,NA,0,0,8,5.2,SX,8/21/17,NA,NA,NA,NA,0,0,0,NA,SX,8/28/17,NA,NA,NA,NA,0,0,0,NA,9/2/17,SX,NA,NA,NA,NA,0,0,0,NA,9/30/17,SX,NA,NA,NA,NA,0,0,0,NA,NA
LVTR1 PNA QNA #6,LVTR1,NA,NA,6,(8/9/17),F,N,8/9/17,3.31,14,5,NA,0,3,2,4,P,8/15/17,3.31,14,5,NA,0,0,4,4,F,8/21/17,3.31,14,5,NA,8,1,3,5.2,F,8/28/17,3.31,14,5,NA,8,4,4,5.1,9/2/17,F,3.89,14,5,NA,4,2,8,5.1,9/30/17,SX,NA,NA,NA,NA,0,0,0,NA,NA
LVTR1 PNA QNA #7,LVTR1,NA,NA,7,(8/9/17),P,N,8/9/17,1.58,10,1,NA,0,0,1,5.4,S,8/15/17,1.58,10,1,NA,0,0,1,5.4,SX,8/21/17,NA,NA,NA,NA,0,0,0,NA,SX,8/28/17,NA,NA,NA,NA,0,0,0,NA,9/2/17,SX,NA,NA,NA,NA,0,0,0,NA,9/30/17,SX,NA,NA,NA,NA,0,0,0,NA,NA
LVTR1 PNA QNA #8,LVTR1,NA,NA,8,(8/9/17),F,N,8/9/17,1.78,14.4,3,NA,2,1,6,8,P,8/15/17,1.78,14.4,3,NA,6,0,6,8,S,8/21/17,1.78,14.4,3,NA,1,0,7,8,B,8/28/17,1.78,14.4,3,NA,1,0,7,8,9/2/17,B,2.79,14.4,5,NA,4,0,7,8,9/30/17,S,2.93,7.8*,5,0.9,0,0,0,NA,2.4
LVTR1 PNA QNA #9,LVTR1,NA,NA,9,(8/9/17),P,N,8/9/17,1.79,11,2,NA,0,0,2,4.6,P,8/15/17,1.79,11,2,NA,0,0,2,4.6,S,8/21/17,1.79,11,2,NA,0,0,2,4.6,SX,8/28/17,NA,NA,NA,NA,0,0,0,NA,9/2/17,SX,NA,NA,NA,NA,0,0,0,NA,9/30/17,SX,NA,NA,NA,NA,0,0,0,NA,NA
LVTR1 PNA QNA #10,LVTR1,NA,NA,10,(8/9/17),P,N,8/9/17,2.15,14.5,5,NA,0,0,2,4.4,S,8/15/17,2.15,14.5,5,NA,0,0,2,4.4,SX,8/21/17,NA,NA,NA,NA,0,0,0,NA,B,8/28/17,2.15,14.5,5,NA,3,,,,9/2/17,F,2.19,14.5,5,NA,3,1,1,4.4,9/30/17,SX,NA,NA,NA,NA,0,0,0,NA,NA
LVTR1 PNA QNA #11,LVTR1,NA,NA,11,(8/9/17),S,N,8/9/17,1.82,11.3,2,NA,0,0,6,4.6,S,8/15/17,1.82,11.3,2,NA,0,0,6,4.6,SX,8/21/17,NA,NA,NA,NA,0,0,0,NA,SX,8/28/17,NA,NA,NA,NA,0,0,0,NA,9/2/17,SX,NA,NA,NA,NA,0,0,0,NA,9/30/17,SX,NA,NA,NA,NA,0,0,0,NA,NA
LVTR1 PNA QNA #12,LVTR1,NA,NA,12,(8/9/17),S,N,8/9/17,2.1,10,3,NA,0,0,7,4.2,SX,8/15/17,2.1,10,3,NA,0,0,7,4.2,SX,8/21/17,NA,NA,NA,NA,0,0,0,NA,SX,8/28/17,NA,NA,NA,NA,0,0,0,NA,9/2/17,SX,NA,NA,NA,NA,0,0,0,NA,9/30/17,SX,NA,NA,NA,NA,0,0,0,NA,NA
LVTR1 PNA QNA #13,LVTR1,NA,NA,13,(8/9/17),S,N,8/9/17,1.86,12,1,NA,0,0,4,5.1,SX,8/15/17,1.86,12,1,NA,0,0,4,5.1,SX,8/21/17,NA,NA,NA,NA,0,0,0,NA,SX,8/28/17,NA,NA,NA,NA,0,0,0,NA,9/2/17,SX,NA,NA,NA,NA,0,0,0,NA,9/30/17,SX,NA,NA,NA,NA,0,0,0,NA,NA
LVTR1 PNA QNA #14,LVTR1,NA,NA,14,(8/9/17),P,N,8/9/17,1.26,10,1,NA,0,0,1,2.7,S,8/15/17,1.26,10,1,NA,0,0,1,2.7,SX,8/21/17,NA,NA,NA,NA,0,0,0,NA,SX,8/28/17,NA,NA,NA,NA,0,0,0,NA,9/2/17,SX,NA,NA,NA,NA,0,0,0,NA,9/30/17,SX,NA,NA,NA,NA,0,0,0,NA,NA
LVTR1 PNA QNA #15,LVTR1,NA,NA,15,(8/9/17),V,N,8/9/17,1.27,2.8,1,0.6,0,0,0,NA,V,8/15/17,1.27,2.8,1,0.6,0,0,0,NA,V,8/21/17,1.27,2.8,1,0.6,0,0,0,NA,V,8/28/17,1.27,2.8,1,0.6,0,0,0,NA,9/2/17,V,1.27,2.8,1,0.6,0,0,0,NA,9/30/17,V,0.95,2.4,1,0.9,0,0,0,NA,1.6
LVTR1 PNA QNA #16,LVTR1,NA,NA,16,(8/9/17),SX,N,8/9/17,1.76,11,1,NA,0,0,3,4.1,SX,8/15/17,1.76,11,1,NA,0,0,3,4.1,SX,8/21/17,NA,NA,NA,NA,0,0,0,NA,SX,8/28/17,NA,NA,NA,NA,0,0,0,NA,9/2/17,SX,NA,NA,NA,NA,0,0,0,NA,9/30/17,SX,NA,NA,NA,NA,0,0,0,NA,NA
LVTR1 PNA QNA #17,LVTR1,NA,NA,17,(8/9/17),P,N,8/9/17,1.2,7.1,2,NA,0,0,1,1.6,P,8/15/17,1.2,7.1,2,NA,0,0,1,1.6,P,8/21/17,1.2,7.1,2,NA,0,0,1,1.6,P,8/28/17,1.2,7.1,2,NA,0,0,1,1.6,9/2/17,P,1.2,7.1,2,NA,0,0,1,1.6,9/30/17,V,2.5,7.1,2,0.9,0,0,0,NA,1.3
LVTR1 PNA QNA #18,LVTR1,NA,NA,18,(8/9/17),B,N,8/9/17,0.72,5,1,NA,2,0,0,NA,B,8/15/17,0.72,5,1,NA,2,0,0,NA,B,8/21/17,0.72,5,1,NA,2,0,0,NA,F,8/28/17,0.72,5,1,NA,3,1,0,NA,9/2/17,F,2.1,5,1,NA,2,2,1,1,9/30/17,SX,NA,NA,NA,NA,0,0,0,NA,NA
LVTR1 PNA QNA #19,LVTR1,NA,NA,19,(8/9/17),P,N,8/9/17,2.63,11.6,NA,NA,0,0,4,5.2,P,8/15/17,2.63,11.6,NA,NA,0,0,4,5.2,SX,8/21/17,NA,NA,NA,NA,0,0,0,NA,SX,8/28/17,NA,NA,NA,NA,0,0,0,NA,9/2/17,SX,NA,NA,NA,NA,0,0,0,NA,9/30/17,SX,NA,NA,NA,NA,0,0,0,NA,NA
LVTR1 PNA QNA #20,LVTR1,NA,NA,20,(8/9/17),SX,N,8/9/17,1.12,12,1,NA,0,0,2,5,SX,8/15/17,1.12,12,1,NA,0,0,2,5,SX,8/21/17,NA,NA,NA,NA,0,0,0,NA,SX,8/28/17,NA,NA,NA,NA,0,0,0,NA,9/2/17,SX,NA,NA,NA,NA,0,0,0,NA,9/30/17,SX,NA,NA,NA,NA,0,0,0,NA,NA
LVTR1 PNA QNA #21,LVTR1,NA,NA,21,(8/9/17),P,N,8/9/17,1.19,9.1,1,NA,2,0,1,5.1,P,8/15/17,1.19,9.1,1,NA,3,0,1,5.1,P,8/21/17,1.19,9.1,1,NA,7,0,1,5.1,P,8/28/17,1.19,9.1,1,NA,3,1,1,5.1,9/2/17,F,1.19,9.1,1,NA,4,1,2,5.1,9/30/17,SX,NA,NA,NA,NA,0,0,0,NA,NA
LVTR1 PNA QNA #22,LVTR1,NA,NA,22,(8/9/17),P,N,8/9/17,2.85,12.3,2,NA,0,0,6,4,P,8/15/17,2.85,12.3,2,NA,3,0,6,4,P,8/21/17,2.85,12.3,2,NA,4,0,6,4,P,8/28/17,2.85,12.3,2,NA,2,3,6,4,9/2/17,F,3.02,12.3,2,NA,5,1,,4,9/30/17,SX,NA,NA,NA,NA,0,0,0,NA,NA
LVTR1 PNA QNA #23,LVTR1,NA,NA,23,(8/9/17),P,N,8/9/17,1.54,7.5,1,NA,0,0,0,NA,B,8/15/17,1.54,7.5,1,NA,4,0,0,NA,B,8/21/17,1.54,7.5,1,NA,4,0,0,NA,B,8/28/17,1.54,7.5,1,NA,3,2,0,NA,9/2/17,F,1.98,7.5,1,NA,1,1,2,1.5,9/30/17,SX,NA,NA,NA,NA,0,0,0,NA,NA
LVTR1 PNA QNA #24,LVTR1,NA,NA,24,(8/9/17),F,N,8/9/17,1.56,11.8,3,NA,2,2,4,4.2,F,8/15/17,1.56,11.8,3,NA,2,2,5,4.2,P,8/21/17,1.56,11.8,3,NA,5,0,7,4.2,P,8/28/17,1.56,11.8,3,NA,3,1,7,4.2,9/2/17,F,1.91,11.8,3,NA,4,1,6,4.9,9/30/17,SX,NA,NA,NA,NA,0,0,0,NA,NA
LVTR1 PNA QNA #25,LVTR1,NA,NA,25,(8/9/17),P,N,8/9/17,1.93,10.5,1,NA,0,0,3,4.6,SX,8/15/17,1.93,10.5,1,NA,0,0,3,4.6,SX,8/21/17,NA,NA,NA,NA,0,0,0,NA,SX,8/28/17,NA,NA,NA,NA,0,0,0,NA,9/2/17,SX,NA,NA,NA,NA,0,0,0,NA,9/30/17,SX,NA,NA,NA,NA,0,0,0,NA,NA
LV1 P1 QNA #1,LV1,1,NA,1,(8/9/17),V,Y,8/9/17,1.8,1.3,2,1,0,0,0,NA,V,8/15/17,1.8,1.8,2,1,0,0,0,NA,B,8/22/17,1.8,1.8,2,NA,4,0,0,NA,B,8/29/17,1.8,2.7,2,NA,10,0,0,NA,9/3/17,F,1.35,0.9,1,0.9,0,0,0,NA,9/30/17,P,2.02,6,3,NA,0,0,2,3.9,NA
LV1 P1 QNA #1-1,LV1,1,NA,1-Jan,(8/29/2017),NA,N,8/9/17,NA,NA,NA,NA,0,0,0,NA,NA,8/15/17,NA,NA,NA,NA,0,0,0,NA,NA,8/22/17,NA,NA,NA,NA,0,0,0,NA,V,8/29/17,0.96,0.6,1,0.6,0,0,0,NA,9/3/17,V,NA,NA,NA,NA,0,0,0,NA,9/30/17,V,1.47,1.4,1,1,0,0,0,NA,2
LV1 P1 QNA #1-2,LV1,1,NA,2-Jan,(8/29/2017),NA,N,8/9/17,NA,NA,NA,NA,0,0,0,NA,NA,8/15/17,NA,NA,NA,NA,0,0,0,NA,NA,8/22/17,NA,NA,NA,NA,0,0,0,NA,F,8/29/17,1.54,10.2,3,NA,21,1,0,NA,9/3/17,F,1.35,0.9,1,0.9,0,0,0,NA,9/30/17,S,1.66,14,3,NA,0,0,7,7,NA
LV1 P1 QNA #2,LV1,1,NA,2,(8/9/17),D,N,8/9/17,NA,NA,NA,NA,0,0,0,NA,D,8/15/17,NA,NA,NA,NA,0,0,0,NA,D,8/22/17,NA,NA,NA,NA,0,0,0,NA,D,8/29/17,NA,NA,NA,NA,0,0,0,NA,9/3/17,D,2.13,14.2,3,NA,13,8,2,0.4,9/30/17,D,NA,NA,NA,NA,0,0,0,NA,NA
LV1 P1 QNA #3,LV1,1,NA,3,(8/9/17),D,N,8/9/17,NA,NA,NA,NA,0,0,0,NA,D,8/15/17,NA,NA,NA,NA,0,0,0,NA,D,8/22/17,NA,NA,NA,NA,0,0,0,NA,D,8/29/17,NA,NA,NA,NA,0,0,0,NA,9/3/17,D,NA,NA,NA,NA,0,0,0,NA,9/30/17,D,NA,NA,NA,NA,0,0,0,NA,NA
LV1 P1 QNA #4,LV1,1,NA,4,(8/9/17),D,N,8/9/17,NA,NA,NA,NA,0,0,0,NA,D,8/15/17,NA,NA,NA,NA,0,0,0,NA,D,8/22/17,NA,NA,NA,NA,0,0,0,NA,D,8/29/17,NA,NA,NA,NA,0,0,0,NA,9/3/17,D,NA,NA,NA,NA,0,0,0,NA,9/30/17,D,NA,NA,NA,NA,0,0,0,NA,NA
LV1 P1 QNA #5,LV1,1,NA,5,(8/9/17),D,N,8/9/17,NA,NA,NA,NA,0,0,0,NA,D,8/15/17,NA,NA,NA,NA,0,0,0,NA,D,8/22/17,NA,NA,NA,NA,0,0,0,NA,D,8/29/17,NA,NA,NA,NA,0,0,0,NA,9/3/17,D,NA,NA,NA,NA,0,0,0,NA,9/30/17,D,NA,NA,NA,NA,0,0,0,NA,NA
LV1 P1 QNA #6,LV1,1,NA,6,(8/9/17),D,N,8/9/17,NA,NA,NA,NA,0,0,0,NA,D,8/15/17,NA,NA,NA,NA,0,0,0,NA,D,8/22/17,NA,NA,NA,NA,0,0,0,NA,D,8/29/17,NA,NA,NA,NA,0,0,0,NA,9/3/17,D,NA,NA,NA,NA,0,0,0,NA,9/30/17,D,NA,NA,NA,NA,0,0,0,NA,NA
LV1 P1 QNA #6-1,LV1,1,NA,1-Jun,(8/29/2017),NA,NA,8/9/17,NA,NA,NA,NA,0,0,0,NA,NA,8/15/17,NA,NA,NA,NA,0,0,0,NA,NA,8/22/17,NA,NA,NA,NA,0,0,0,NA,F,8/29/17,3.78,14,3,NA,23,15,0,NA,9/3/17,F,3.78,14.5,3,NA,13,11,14,5.4,9/30/17,P,2.73,15,3,NA,0,0,14,6.4,NA
LV1 P1 QNA #7,LV1,1,NA,7,(8/9/17),D,N,8/9/17,NA,NA,NA,NA,0,0,0,NA,D,8/15/17,NA,NA,NA,NA,0,0,0,NA,D,8/22/17,NA,NA,NA,NA,0,0,0,NA,D,8/29/17,NA,NA,NA,NA,0,0,0,NA,9/3/17,D,NA,NA,NA,NA,0,0,0,NA,9/30/17,D,NA,NA,NA,NA,0,0,0,NA,NA
LV1 P1 QNA #8,LV1,1,NA,8,(8/9/17),D,N,8/9/17,NA,NA,NA,NA,0,0,0,NA,D,8/15/17,NA,NA,NA,NA,0,0,0,NA,D,8/22/17,NA,NA,NA,NA,0,0,0,NA,D,8/29/17,NA,NA,NA,NA,0,0,0,NA,9/3/17,D,NA,NA,NA,NA,0,0,0,NA,9/30/17,D,NA,NA,NA,NA,0,0,0,NA,NA
LV1 P1 QNA #8-1,LV1,1,NA,1-Aug,(8/29/2017),NA,NA,8/9/17,NA,NA,NA,NA,0,0,0,NA,NA,8/15/17,NA,NA,NA,NA,0,0,0,NA,NA,8/22/17,NA,NA,NA,NA,0,0,0,NA,F,8/29/17,2.42,11,1,NA,10,5,0,NA,9/3/17,F,2.42,12,1,NA,6,5,3,1.5,9/30/17,S,2.3,14.1,1,NA,0,0,5,5.3,NA
LV1 P1 QNA #9,LV1,1,NA,9,(8/9/17),V,Y,8/9/17,2.55,3.5,4,1.2,0,0,0,NA,B,8/15/17,2.55,4,4,NA,4,0,0,NA,B,8/22/17,2.55,4,4,NA,17,0,0,NA,F,8/29/17,2.55,NA,4,NA,15,8,0,NA,9/3/17,F,3.23,13.5,4,NA,7,9,8,4,9/30/17,S,3.1,14.5,4,NA,0,0,11,5.7,NA
LV1 P1 QNA #10,LV1,1,NA,10,(8/9/17),D,N,8/9/17,NA,NA,NA,NA,0,0,0,NA,D,8/15/17,NA,NA,NA,NA,0,0,0,NA,D,8/22/17,NA,NA,NA,NA,0,0,0,NA,D,8/29/17,NA,NA,NA,NA,0,0,0,NA,9/3/17,D,NA,NA,NA,NA,0,0,0,NA,9/30/17,D,NA,NA,NA,NA,0,0,0,NA,NA
LV1 P1 QNA #11,LV1,1,NA,11,(8/9/17),D,N,8/9/17,NA,NA,NA,NA,0,0,0,NA,D,8/15/17,NA,NA,NA,NA,0,0,0,NA,D,8/22/17,NA,NA,NA,NA,0,0,0,NA,D,8/29/17,NA,NA,NA,NA,0,0,0,NA,9/3/17,D,NA,NA,NA,NA,0,0,0,NA,9/30/17,D,NA,NA,NA,NA,0,0,0,NA,NA
LV1 P1 QNA #12,LV1,1,NA,12,(8/9/17),D,N,8/9/17,NA,NA,NA,NA,0,0,0,NA,D,8/15/17,NA,NA,NA,NA,0,0,0,NA,D,8/22/17,NA,NA,NA,NA,0,0,0,NA,D,8/29/17,NA,NA,NA,NA,0,0,0,NA,9/3/17,D,NA,NA,NA,NA,0,0,0,NA,9/30/17,D,NA,NA,NA,NA,0,0,0,NA,NA
LV1 P1 QNA #13,LV1,1,NA,13,(8/9/17),D,N,8/9/17,NA,NA,NA,NA,0,0,0,NA,D,8/15/17,NA,NA,NA,NA,0,0,0,NA,D,8/22/17,NA,NA,NA,NA,0,0,0,NA,D,8/29/17,NA,NA,NA,NA,0,0,0,NA,9/3/17,D,NA,NA,NA,NA,0,0,0,NA,9/30/17,D,NA,NA,NA,NA,0,0,0,NA,NA
LV1 P1 QNA #13-1,LV1,1,NA,13-1,(8/29/2017),NA,NA,8/9/17,NA,NA,NA,NA,0,0,0,NA,NA,8/15/17,NA,NA,NA,NA,0,0,0,NA,NA,8/22/17,NA,NA,NA,NA,0,0,0,NA,F,8/29/17,1.72,6.5,3,NA,8,1,0,NA,9/3/17,F,1.92,9.3,3,NA,5,5,1,0.4,9/30/17,S,2.34,10,1,NA,0,0,4,4.7,NA
LV1 P1 QNA #14,LV1,1,NA,14,(8/9/17),D,N,8/9/17,NA,NA,NA,NA,0,0,0,NA,D,8/15/17,NA,NA,NA,NA,0,0,0,NA,D,8/22/17,NA,NA,NA,NA,0,0,0,NA,D,8/29/17,NA,NA,NA,NA,0,0,0,NA,9/3/17,D,NA,NA,NA,NA,0,0,0,NA,9/30/17,D,NA,NA,NA,NA,0,0,0,NA,NA
LV1 P1 QNA #15,LV1,1,NA,15,(8/9/17),D,N,8/9/17,NA,NA,NA,NA,0,0,0,NA,D,8/15/17,NA,NA,NA,NA,0,0,0,NA,D,8/22/17,NA,NA,NA,NA,0,0,0,NA,D,8/29/17,NA,NA,NA,NA,0,0,0,NA,9/3/17,D,NA,NA,NA,NA,0,0,0,NA,9/30/17,D,NA,NA,NA,NA,0,0,0,NA,NA
LV1 P1 QNA #16,LV1,1,NA,16,(8/9/17),D,N,8/9/17,NA,NA,NA,NA,0,0,0,NA,D,8/15/17,NA,NA,NA,NA,0,0,0,NA,D,8/22/17,NA,NA,NA,NA,0,0,0,NA,D,8/29/17,NA,NA,NA,NA,0,0,0,NA,9/3/17,D,NA,NA,NA,NA,0,0,0,NA,9/30/17,D,NA,NA,NA,NA,0,0,0,NA,NA
LV1 P1 QNA #17,LV1,1,NA,17,(8/9/17),D,N,8/9/17,NA,NA,NA,NA,0,0,0,NA,D,8/15/17,NA,NA,NA,NA,0,0,0,NA,D,8/22/17,NA,NA,NA,NA,0,0,0,NA,D,8/29/17,NA,NA,NA,NA,0,0,0,NA,9/3/17,D,NA,NA,NA,NA,0,0,0,NA,9/30/17,D,NA,NA,NA,NA,0,0,0,NA,NA
LV1 P1 QNA #18,LV1,1,NA,18,(8/9/17),D,N,8/9/17,NA,NA,NA,NA,0,0,0,NA,D,8/15/17,NA,NA,NA,NA,0,0,0,NA,D,8/22/17,NA,NA,NA,NA,0,0,0,NA,D,8/29/17,NA,NA,NA,NA,0,0,0,NA,9/3/17,D,NA,NA,NA,NA,0,0,0,NA,9/30/17,D,NA,NA,NA,NA,0,0,0,NA,NA
LV1 P1 QNA #19,LV1,1,NA,19,(8/9/17),D,N,8/9/17,NA,NA,NA,NA,0,0,0,NA,D,8/15/17,NA,NA,NA,NA,0,0,0,NA,D,8/22/17,NA,NA,NA,NA,0,0,0,NA,D,8/29/17,NA,NA,NA,NA,0,0,0,NA,9/3/17,D,NA,NA,NA,NA,0,0,0,NA,9/30/17,D,NA,NA,NA,NA,0,0,0,NA,NA
LV1 P1 QNA #19-1,LV1,1,NA,19-1,(8/29/2017),NA,NA,8/9/17,NA,NA,NA,NA,0,0,0,NA,NA,8/15/17,NA,NA,NA,NA,0,0,0,NA,NA,8/22/17,NA,NA,NA,NA,0,0,0,NA,V,8/29/17,1.3,1.8,1,1,0,0,0,NA,9/3/17,V,1.72,1.8,1,1.4,0,0,0,NA,9/30/17,V,1.91,2.1,1,1.5,0,0,0,NA,2.7
LV1 P1 QNA #19-2,LV1,1,NA,19-2,(8/29/2017),NA,NA,8/9/17,NA,NA,NA,NA,0,0,0,NA,NA,8/15/17,NA,NA,NA,NA,0,0,0,NA,NA,8/22/17,NA,NA,NA,NA,0,0,0,NA,V,8/29/17,1.02,1.3,1,0.8,0,0,0,NA,9/3/17,V,1.09,1.9,1,1,0,0,0,NA,9/30/17,V,1.54,1.4,1,1.5,0,0,0,NA,3.1
LV1 P1 QNA #20,LV1,1,NA,20,(8/9/17),V,N,8/9/17,0.85,1.5,1,1.4,0,0,0,NA,V,8/15/17,0.85,1.8,1,1.4,0,0,0,NA,V,8/22/17,0.85,1.8,1,1.4,0,0,0,NA,V,8/29/17,0.85,1.4,1,0.4,0,0,0,NA,9/3/17,V,1.86,2,1,1.4,0,0,0,NA,9/30/17,V,2.14,1.2,1,1.4,0,0,0,NA,2.8
LV1 P1 QNA #20-1,LV1,1,NA,20-1,(8/29/2017),NA,NA,8/9/17,NA,NA,NA,NA,0,0,0,NA,NA,8/15/17,NA,NA,NA,NA,0,0,0,NA,NA,8/22/17,NA,NA,NA,NA,0,0,0,NA,F,8/29/17,1.7,11.5,2,NA,0,8,9,NA,9/3/17,F,2.08,13,2,NA,1,7,9,4.4,9/30/17,SX,NA,NA,NA,NA,0,0,0,NA,NA
LV1 P1 QNA #20-2,LV1,1,NA,20-2,(8/29/2017),NA,NA,8/9/17,NA,NA,NA,NA,0,0,0,NA,NA,8/15/17,NA,NA,NA,NA,0,0,0,NA,NA,8/22/17,NA,NA,NA,NA,0,0,0,NA,V,8/29/17,1.18,3,1,1,0,0,0,NA,9/3/17,V,1.48,3,1,1,0,0,0,NA,9/30/17,V,1.87,3.4,1,1.5,0,0,0,NA,3.1
LV1 P1 QNA #20-3,LV1,1,NA,20-3,(8/29/2017),NA,NA,8/9/17,NA,NA,NA,NA,0,0,0,NA,NA,8/15/17,NA,NA,NA,NA,0,0,0,NA,NA,8/22/17,NA,NA,NA,NA,0,0,0,NA,V,8/29/17,1.02,1,1,0.6,0,0,0,NA,9/3/17,V,1.18,1.3,1,0.8,0,0,0,NA,9/30/17,V,1.59,1.7,1,1,0,0,0,NA,2.1
LV1 P1 QNA #21,LV1,1,NA,21,(8/9/17),D,N,8/9/17,NA,NA,NA,NA,0,0,0,NA,D,8/15/17,NA,NA,NA,NA,0,0,0,NA,D,8/22/17,NA,NA,NA,NA,0,0,0,NA,D,8/29/17,NA,NA,NA,NA,0,0,0,NA,9/3/17,D,NA,NA,NA,NA,0,0,0,NA,9/30/17,D,NA,NA,NA,NA,0,0,0,NA,NA
LV1 P1 QNA #22,LV1,1,NA,22,(8/9/17),D,N,8/9/17,NA,NA,NA,NA,0,0,0,NA,D,8/15/17,NA,NA,NA,NA,0,0,0,NA,D,8/22/17,NA,NA,NA,NA,0,0,0,NA,D,8/29/17,NA,NA,NA,NA,0,0,0,NA,9/3/17,D,NA,NA,NA,NA,0,0,0,NA,9/30/17,D,NA,NA,NA,NA,0,0,0,NA,NA
LV1 P1 QNA #23,LV1,1,NA,23,(8/9/17),D,N,8/9/17,NA,NA,NA,NA,0,0,0,NA,V,8/15/17,0.42,0.9,1,0.3,0,0,0,NA,V,8/22/17,0.42,0.9,1,0.3,0,0,0,NA,V,8/29/17,0.42,0.9,1,0.3,0,0,0,NA,9/3/17,V,0.64,1.1,1,0.3,0,0,0,NA,9/30/17,V,1.01,2.5,2,0.4,0,0,0,NA,1.1
LV1 P1 QNA #23-1,LV1,1,NA,23-1,(8/29/2017),NA,NA,8/9/17,NA,NA,NA,NA,0,0,0,NA,NA,8/15/17,NA,NA,NA,NA,0,0,0,NA,NA,8/22/17,NA,NA,NA,NA,0,0,0,NA,V,8/29/17,1.58,2.5,1,1.2,0,0,0,NA,9/3/17,V,2.5,2.5,1,1.4,0,0,0,NA,9/30/17,V,2.13,1.6,1,1.5,0,0,0,NA,3.4
LV1 P1 QNA #23-2,LV1,1,NA,23-2,(8/29/2017),NA,NA,8/9/17,NA,NA,NA,NA,0,0,0,NA,NA,8/15/17,NA,NA,NA,NA,0,0,0,NA,NA,8/22/17,NA,NA,NA,NA,0,0,0,NA,V,8/29/17,0.77,1.1,1,0.6,0,0,0,NA,9/3/17,V,1.07,1.3,1,0.6,0,0,0,NA,9/30/17,V,1.21,1.5,1,1.1,0,0,0,NA,2.5
LV1 P1 QNA #23-3,LV1,1,NA,23-3,(8/29/2017),NA,NA,8/9/17,NA,NA,NA,NA,0,0,0,NA,NA,8/15/17,NA,NA,NA,NA,0,0,0,NA,NA,8/22/17,NA,NA,NA,NA,0,0,0,NA,V,8/29/17,0.85,1.4,1,0.4,0,0,0,NA,9/3/17,V,0.85,1.4,1,0.4,0,0,0,NA,9/30/17,V,1.09,1.9,2,1.7,0,0,0,NA,1.3
LV1 P1 QNA #24,LV1,1,NA,24,(8/9/17),D,N,8/9/17,NA,NA,NA,NA,0,0,0,NA,D,8/15/17,NA,NA,NA,NA,0,0,0,NA,D,8/22/17,NA,NA,NA,NA,0,0,0,NA,D,8/29/17,NA,NA,NA,NA,0,0,0,NA,9/3/17,D,NA,NA,NA,NA,0,0,0,NA,9/30/17,D,NA,NA,NA,NA,0,0,0,NA,NA
LV1 P1 QNA #24-1,LV1,1,NA,24-1,(8/29/2017),NA,NA,8/9/17,NA,NA,NA,NA,0,0,0,NA,NA,8/15/17,NA,NA,NA,NA,0,0,0,NA,NA,8/22/17,NA,NA,NA,NA,0,0,0,NA,V,8/29/17,1.53,0.5,1,1,0,0,0,NA,9/3/17,V,1.53,0.9,1,1,0,0,0,NA,9/30/17,V,1.97,1,1,1.5,0,0,0,NA,3
LV1 P1 QNA #24-2,LV1,1,NA,24-2,(8/29/2017),NA,NA,8/9/17,NA,NA,NA,NA,0,0,0,NA,NA,8/15/17,NA,NA,NA,NA,0,0,0,NA,NA,8/22/17,NA,NA,NA,NA,0,0,0,NA,V,8/29/17,2,1.3,1,1.2,0,0,0,NA,9/3/17,V,2,2.6,1,1.5,0,0,0,NA,9/30/17,V,2.49,2.4,1,1.5,0,0,0,NA,3.3
LV1 P1 QNA #24-3,LV1,1,NA,24-3,(8/29/2017),NA,NA,8/9/17,NA,NA,NA,NA,0,0,0,NA,NA,8/15/17,NA,NA,NA,NA,0,0,0,NA,NA,8/22/17,NA,NA,NA,NA,0,0,0,NA,V,8/29/17,1.15,3,1,0.9,0,0,0,NA,9/3/17,V,1.15,3,1,0.9,0,0,0,NA,9/30/17,V,1.51,3,2,1,0,0,0,NA,2.2
LV1 P1 QNA #24-4,LV1,1,NA,24-4,(8/29/2017),NA,NA,8/9/17,NA,NA,NA,NA,0,0,0,NA,NA,8/15/17,NA,NA,NA,NA,0,0,0,NA,NA,8/22/17,NA,NA,NA,NA,0,0,0,NA,V,8/29/17,1.14,1.7,1,1.1,0,0,0,NA,9/3/17,V,1.14,2.4,1,1.1,0,0,0,NA,9/30/17,V,1.7,1.7,1,1.5,0,0,0,NA,2.8
LV1 P1 QNA #24-5,LV1,1,NA,24-5,(8/29/2017),NA,NA,8/9/17,NA,NA,NA,NA,0,0,0,NA,NA,8/15/17,NA,NA,NA,NA,0,0,0,NA,NA,8/22/17,NA,NA,NA,NA,0,0,0,NA,P,8/29/17,1.52,3,1,NA,0,0,1,0.4,9/3/17,P,1.79,6,1,NA,0,0,1,3.7,9/30/17,S,2.06,4.6,3,1.5,0,0,1,5,2.1
LV1 P1 QNA #24-6,LV1,1,NA,24-6,(8/29/2017),NA,NA,8/9/17,NA,NA,NA,NA,0,0,0,NA,NA,8/15/17,NA,NA,NA,NA,0,0,0,NA,NA,8/22/17,NA,NA,NA,NA,0,0,0,NA,V,8/29/17,1.45,2.6,1,1.2,0,0,0,NA,9/3/17,V,1.45,2.6,1,1.2,0,0,0,NA,9/30/17,V,1.68,3.4,1,2,0,0,0,NA,3.4
LV1 P1 QNA #25,LV1,1,NA,25,(8/9/17),D,N,8/9/17,NA,NA,NA,NA,0,0,0,NA,D,8/15/17,NA,NA,NA,NA,0,0,0,NA,D,8/22/17,NA,NA,NA,NA,0,0,0,NA,D,8/29/17,NA,NA,NA,NA,0,0,0,NA,9/3/17,D,NA,NA,NA,NA,0,0,0,NA,9/30/17,D,NA,NA,NA,NA,0,0,0,NA,NA
LV1 P1 QNA #26,LV1,1,NA,26,(8/9/17),D,N,8/9/17,NA,NA,NA,NA,0,0,0,NA,D,8/15/17,NA,NA,NA,NA,0,0,0,NA,D,8/22/17,NA,NA,NA,NA,0,0,0,NA,D,8/29/17,NA,NA,NA,NA,0,0,0,NA,9/3/17,D,NA,NA,NA,NA,0,0,0,NA,9/30/17,D,NA,NA,NA,NA,0,0,0,NA,NA
LV1 P1 QNA #27,LV1,1,NA,27,(8/9/17),D,N,8/9/17,NA,NA,NA,NA,0,0,0,NA,D,8/15/17,NA,NA,NA,NA,0,0,0,NA,D,8/22/17,NA,NA,NA,NA,0,0,0,NA,D,8/29/17,NA,NA,NA,NA,0,0,0,NA,9/3/17,D,NA,NA,NA,NA,0,0,0,NA,9/30/17,D,NA,NA,NA,NA,0,0,0,NA,NA
LV1 P1 QNA #28,LV1,1,NA,28,(8/9/17),D,N,8/9/17,NA,NA,NA,NA,0,0,0,NA,D,8/15/17,NA,NA,NA,NA,0,0,0,NA,D,8/22/17,NA,NA,NA,NA,0,0,0,NA,D,8/29/17,NA,NA,NA,NA,0,0,0,NA,9/3/17,D,NA,NA,NA,NA,0,0,0,NA,9/30/17,D,NA,NA,NA,NA,0,0,0,NA,NA
LV1 P1 QNA #29,LV1,1,NA,29,(8/9/17),D,N,8/9/17,NA,NA,NA,NA,0,0,0,NA,D,8/15/17,NA,NA,NA,NA,0,0,0,NA,D,8/22/17,NA,NA,NA,NA,0,0,0,NA,D,8/29/17,NA,NA,NA,NA,0,0,0,NA,9/3/17,D,NA,NA,NA,NA,0,0,0,NA,9/30/17,D,NA,NA,NA,NA,0,0,0,NA,NA
LV1 P1 QNA #30,LV1,1,NA,30,(8/9/17),D,N,8/9/17,NA,NA,NA,NA,0,0,0,NA,D,8/15/17,NA,NA,NA,NA,0,0,0,NA,D,8/22/17,NA,NA,NA,NA,0,0,0,NA,D,8/29/17,NA,NA,NA,NA,0,0,0,NA,9/3/17,D,NA,NA,NA,NA,0,0,0,NA,9/30/17,D,NA,NA,NA,NA,0,0,0,NA,NA
LV1 P1 QNA #31,LV1,1,NA,31,(8/9/17),V,N,8/9/17,3.81,3,2,1.3,0,0,0,NA,V,8/15/17,3.81,3,2,1.3,0,0,0,NA,V,8/22/17,3.81,3,2,1.3,0,0,0,NA,D,8/29/17,NA,NA,NA,NA,0,0,0,NA,9/3/17,D,NA,NA,NA,NA,0,0,0,NA,9/30/17,D,NA,NA,NA,NA,0,0,0,NA,NA
LV1 P1 QNA #32,LV1,1,NA,32,(8/9/17),D,N,8/9/17,NA,NA,NA,NA,0,0,0,NA,D,8/15/17,NA,NA,NA,NA,0,0,0,NA,D,8/22/17,NA,NA,NA,NA,0,0,0,NA,D,8/29/17,NA,NA,NA,NA,0,0,0,NA,9/3/17,D,NA,NA,NA,NA,0,0,0,NA,9/30/17,D,NA,NA,NA,NA,0,0,0,NA,NA
LV1 P1 QNA #33,LV1,1,NA,33,(8/9/17),D,N,8/9/17,NA,NA,NA,NA,0,0,0,NA,D,8/15/17,NA,NA,NA,NA,0,0,0,NA,D,8/22/17,NA,NA,NA,NA,0,0,0,NA,D,8/29/17,NA,NA,NA,NA,0,0,0,NA,9/3/17,D,NA,NA,NA,NA,0,0,0,NA,9/30/17,D,NA,NA,NA,NA,0,0,0,NA,NA
LV1 P1 QNA #34,LV1,1,NA,34,(8/9/17),D,N,8/9/17,NA,NA,NA,NA,0,0,0,NA,D,8/15/17,NA,NA,NA,NA,0,0,0,NA,D,8/22/17,NA,NA,NA,NA,0,0,0,NA,D,8/29/17,NA,NA,NA,NA,0,0,0,NA,9/3/17,D,NA,NA,NA,NA,0,0,0,NA,9/30/17,D,NA,NA,NA,NA,0,0,0,NA,NA
LV1 P1 QNA #35,LV1,1,NA,35,(8/9/17),V,Y,8/9/17,3.16,5.3,4,0.6,0,0,0,NA,V,8/15/17,3.16,5.3,4,0.6,0,0,0,NA,B,8/22/17,3.16,5.3,4,NA,3,0,0,NA,B,8/29/17,3.16,5.3,4,NA,2,0,0,NA,9/3/17,B,3.16,5.3,4,NA,4,0,0,NA,9/30/17,SX,NA,NA,NA,NA,0,0,0,NA,NA
LV1 P1 QNA #36,LV1,1,NA,36,(8/9/17),V,N,8/9/17,1.02,3,1,1.1,0,0,0,NA,V,8/15/17,1.02,3,1,1.1,0,0,0,NA,V,8/22/17,1.02,3,1,1.1,0,0,0,NA,V,8/29/17,1.02,3,1,1.1,0,0,0,NA,9/3/17,V,1.14,3,1,1.1,0,0,0,NA,9/30/17,V,1.54,2.2,1,1.3,0,0,0,NA,2.5
LV1 P1 QNA #37,LV1,1,NA,37,(8/9/17),V,N,8/9/17,0.46,3.8,1,0.8,0,0,0,NA,V,8/15/17,0.46,3.8,1,0.8,0,0,0,NA,V,8/22/17,0.46,3.8,1,0.8,0,0,0,NA,V,8/29/17,0.46,3.8,1,0.8,0,0,0,NA,9/3/17,V,0.93,3.8,1,0.8,0,0,0,NA,9/30/17,V,1.13,2.2,1,0.7,0,0,0,NA,1.5
LV1 P1 QNA #37-1,LV1,1,NA,37-1,NA,NA,NA,8/9/17,NA,NA,NA,NA,0,0,0,NA,NA,8/15/17,NA,NA,NA,NA,0,0,0,NA,NA,8/22/17,NA,NA,NA,NA,0,0,0,NA,V,8/29/17,1.13,2.3,1,0.9,0,0,0,NA,9/3/17,V,1.32,2.3,1,0.9,0,0,0,NA,9/30/17,V,1.64,2.7,1,1.3,0,0,0,NA,2.3
LV1 P1 QNA #38,LV1,1,NA,38,(8/9/17),D,N,8/9/17,NA,NA,NA,NA,0,0,0,NA,D,8/15/17,NA,NA,NA,NA,0,0,0,NA,D,8/22/17,NA,NA,NA,NA,0,0,0,NA,D,8/29/17,NA,NA,NA,NA,0,0,0,NA,9/3/17,D,NA,NA,NA,NA,0,0,0,NA,9/30/17,D,NA,NA,NA,NA,0,0,0,NA,NA
LV1 P1 QNA #38-1,LV1,1,NA,38-1,NA,NA,NA,8/9/17,NA,NA,NA,NA,0,0,0,NA,NA,8/15/17,NA,NA,NA,NA,0,0,0,NA,NA,8/22/17,NA,NA,NA,NA,0,0,0,NA,F,8/29/17,2.39,10.7,5,NA,21,12,5,1.1,9/3/17,F,2.39,13.2,5,NA,12,11,17,5.1,9/30/17,P,2.71,13.2,4,NA,0,0,14,5.5,NA
LV1 P1 QNA #39,LV1,1,NA,39,(8/9/17),D,N,8/9/17,NA,NA,NA,NA,0,0,0,NA,D,8/15/17,NA,NA,NA,NA,0,0,0,NA,D,8/22/17,NA,NA,NA,NA,0,0,0,NA,D,8/29/17,NA,NA,NA,NA,0,0,0,NA,9/3/17,D,NA,NA,NA,NA,0,0,0,NA,9/30/17,D,NA,NA,NA,NA,0,0,0,NA,NA
LV1 P1 QNA #40,LV1,1,NA,40,(8/9/17),D,N,8/9/17,NA,NA,NA,NA,0,0,0,NA,D,8/15/17,NA,NA,NA,NA,0,0,0,NA,D,8/22/17,NA,NA,NA,NA,0,0,0,NA,D,8/29/17,NA,NA,NA,NA,0,0,0,NA,9/3/17,D,NA,NA,NA,NA,0,0,0,NA,9/30/17,D,NA,NA,NA,NA,0,0,0,NA,NA
LV1 P1 QNA #41,LV1,1,NA,41,(8/9/17),V,N,8/9/17,1.76,2.2,1,1,0,0,0,NA,B,8/15/17,1.76,3.5,1,NA,4,0,0,NA,F,8/22/17,1.76,5,3,NA,16,1,0,NA,F,8/29/17,1.76,5,3,NA,11,6,0,1.1,9/3/17,F,2.3,8.1,3,NA,4,6,4,1.1,9/30/17,P,2.71,8,2,NA,0,0,9,4.1,NA
LV1 P1 QNA #42,LV1,1,NA,42,(8/9/17),V,Y,8/9/17,3.4,3.5,2,0.7,0,0,0,NA,V,8/15/17,3.4,3.5,2,0.7,0,0,0,NA,B,8/22/17,3.4,3.5,2,NA,8,0,0,NA,F,8/29/17,3.4,3.5,2,NA,10,1,0,NA,9/3/17,F,3.4,8.5,2,NA,9,4,0,NA,9/30/17,S,3.27,7.6,2,NA,0,0,2,2,NA
LV1 P1 QNA #43,LV1,1,NA,43,(8/9/17),D,N,8/9/17,NA,NA,NA,NA,0,0,0,NA,D,8/15/17,NA,NA,NA,NA,0,0,0,NA,V,8/22/17,2.26,4.5,5,0.4,0,0,0,NA,V,8/29/17,2.79,3.5,4,NA,1,0,0,NA,9/3/17,V,2.79,3.5,4,NA,0,0,0,NA,9/30/17,V,3.25,2.7,3,0.9,0,0,0,NA,2
LV1 P1 QNA #43-1,LV1,1,NA,43-1,NA,NA,NA,8/9/17,NA,NA,NA,NA,0,0,0,NA,NA,8/15/17,NA,NA,NA,NA,0,0,0,NA,NA,8/22/17,NA,NA,NA,NA,0,0,0,NA,V,8/29/17,0.98,1.1,1,0.7,0,0,0,NA,9/3/17,V,1.16,1.1,1,0.7,0,0,0,NA,9/30/17,V,1.19,1.1,1,1.1,0,0,0,NA,2.1
LV1 P1 QNA #43-2,LV1,1,NA,43-2,NA,NA,NA,8/9/17,NA,NA,NA,NA,0,0,0,NA,NA,8/15/17,NA,NA,NA,NA,0,0,0,NA,NA,8/22/17,NA,NA,NA,NA,0,0,0,NA,V,8/29/17,0.83,2,1,0.8,0,0,0,NA,9/3/17,V,1.12,2,1,0.8,0,0,0,NA,9/30/17,V,1.48,2.7,1,1.2,0,0,0,NA,2.3
LV1 P1 QNA #43-3,LV1,1,NA,43-3,NA,NA,NA,8/9/17,NA,NA,NA,NA,0,0,0,NA,NA,8/15/17,NA,NA,NA,NA,0,0,0,NA,NA,8/22/17,NA,NA,NA,NA,0,0,0,NA,V,8/29/17,1.07,0.9,1,0.6,0,0,0,NA,9/3/17,V,1.07,1.5,1,0.6,0,0,0,NA,9/30/17,V,1.27,2.3,1,0.9,0,0,0,NA,1.8
LV1 P1 QNA #44,LV1,1,NA,44,(8/9/17),D,N,8/9/17,NA,NA,NA,NA,0,0,0,NA,D,8/15/17,NA,NA,NA,NA,0,0,0,NA,D,8/22/17,NA,NA,NA,NA,0,0,0,NA,D,8/29/17,NA,NA,NA,NA,0,0,0,NA,9/3/17,D,NA,NA,NA,NA,0,0,0,NA,9/30/17,D,NA,NA,NA,NA,0,0,0,NA,NA
LV1 P1 QNA #45,LV1,1,NA,45,(8/9/17),V,Y,8/9/17,3.3,5.5,5,0.6,0,0,0,NA,V,8/15/17,3.3,5.5,5,0.6,0,0,0,NA,B,8/22/17,3.3,5.5,5,NA,3,0,0,NA,B,8/29/17,3.3,5.5,5,NA,3,0,0,NA,9/3/17,D,NA,NA,NA,NA,0,0,0,NA,9/30/17,D,NA,NA,NA,NA,0,0,0,NA,NA
LV1 P1 QNA #46,LV1,1,NA,46,(8/9/17),V,Y,8/9/17,3.94,7.5,6,1.4,0,0,0,NA,V,8/15/17,3.94,7.5,6,1.4,0,0,0,NA,V,8/22/17,3.94,7.4,6,1.4,0,0,0,NA,V,8/29/17,3.94,7.4,6,1.4,0,0,0,NA,9/3/17,V,3.94,7.4,6,1.1,0,0,0,NA,9/30/17,V,4.81,8.2,2,1.2,0,0,0,NA,1.3
LV1 P1 QNA #47,LV1,1,NA,47,(8/9/17),D,N,8/9/17,NA,NA,NA,NA,0,0,0,NA,D,8/15/17,NA,NA,NA,NA,0,0,0,NA,D,8/22/17,NA,NA,NA,NA,0,0,0,NA,D,8/29/17,NA,NA,NA,NA,0,0,0,NA,9/3/17,D,NA,NA,NA,NA,0,0,0,NA,9/30/17,D,NA,NA,NA,NA,0,0,0,NA,NA
LV1 P1 QNA #48,LV1,1,NA,48,(8/9/17),V,Y,8/9/17,1.6,2.1,1,1,0,0,0,NA,B,8/15/17,1.6,2.1,1,NA,2,0,0,NA,B,8/22/17,1.6,2.1,1,1,0,0,0,NA,V,8/29/17,1.6,2.1,1,1,0,0,0,NA,9/3/17,V,1.6,2.1,1,1,0,0,0,NA,9/30/17,V,2.02,1.6,1,0.9,0,0,0,NA,0.7
LV1 P1 QNA #49,LV1,1,NA,49,(8/9/17),D,N,8/9/17,NA,NA,NA,NA,0,0,0,NA,D,8/15/17,NA,NA,NA,NA,0,0,0,NA,D,8/22/17,NA,NA,NA,NA,0,0,0,NA,D,8/29/17,NA,NA,NA,NA,0,0,0,NA,9/3/17,D,NA,NA,NA,NA,0,0,0,NA,9/30/17,D,NA,NA,NA,NA,0,0,0,NA,NA
LV1 P1 QNA #50,LV1,1,NA,50,(8/9/17),V,Y,8/9/17,2.44,7,3,0.8,0,0,0,NA,B,8/15/17,2.44,7,3,NA,3,0,0,NA,B,8/22/17,2.44,7,3,NA,7,0,0,NA,V,8/29/17,2.44,7,3,NA,0,0,0,NA,9/3/17,D,NA,NA,NA,NA,0,0,0,NA,9/30/17,D,NA,NA,NA,NA,0,0,0,NA,NA
LV1 P1 QNA #51,LV1,1,NA,51,(8/9/17),V,Y,8/9/17,3.91,5,4,2.5,0,0,0,NA,V,8/15/17,3.91,5,4,2.5,0,0,0,NA,B,8/22/17,3.91,5,4,NA,52,0,0,NA,F,8/29/17,3.91,5,4,NA,74,7,0,NA,9/3/17,F,4.46,19.1,3,NA,45,34,1,0.6,9/30/17,S,4.72,16.5,4,NA,0,0,0,NA,NA
LV1 P1 QNA #52,LV1,1,NA,52,(8/9/17),B,Y,8/9/17,4.16,10,5,NA,3,0,0,NA,B,8/15/17,4.16,10,5,NA,3,0,0,NA,B,8/22/17,4.16,10,5,NA,3,0,0,NA,B,8/29/17,4.16,10,5,NA,18,0,0,NA,9/3/17,F,4.16,11,5,NA,23,4,0,NA,9/30/17,S,4.09,12,4,NA,0,0,0,NA,NA
LV1 P1 QNA #53,LV1,1,NA,53,(8/9/17),D,N,8/9/17,NA,NA,NA,NA,0,0,0,NA,D,8/15/17,NA,NA,NA,NA,0,0,0,NA,D,8/22/17,NA,NA,NA,NA,0,0,0,NA,D,8/29/17,NA,NA,NA,NA,0,0,0,NA,9/3/17,D,NA,NA,NA,NA,0,0,0,NA,9/30/17,D,NA,NA,NA,NA,0,0,0,NA,NA
LV1 P2 QNA #0-1,LV1,2,NA,0-1,(8/22/17),NA,NA,8/9/17,NA,NA,NA,NA,0,0,0,NA,NA,8/14/17,NA,NA,NA,NA,0,0,0,NA,B,8/22/17,1.96,5.2,3,NA,11,0,0,NA,F,8/29/17,2.4,7.2,7,NA,38,1,0,NA,9/3/17,F,2.4,7.2,7,NA,34,1,0,NA,9/30/17,P,2.58,6.5,4,NA,4,0,1,0.2,NA
LV1 P2 QNA #0-2,LV1,2,NA,0-2,(8/22/17),NA,NA,8/9/17,NA,NA,NA,NA,0,0,0,NA,NA,8/14/17,NA,NA,NA,NA,0,0,0,NA,B,8/22/17,1.7,5.6,4,NA,2,0,0,NA,B,8/29/17,2.06,5.6,6,NA,15,0,0,NA,9/3/17,B,3.09,6.9,6,NA,24,0,0,NA,9/30/17,P,2.72,6.5,3,NA,5,0,0,NA,NA
LV1 P2 QNA #0-2-1,LV1,2,NA,0-2-1,(8/29/17),NA,NA,8/9/17,NA,NA,NA,NA,0,0,0,NA,NA,8/14/17,NA,NA,NA,NA,0,0,0,NA,NA,8/22/17,NA,NA,NA,NA,0,0,0,NA,B,8/29/17,2.03,7.3,5,NA,25,0,0,NA,9/3/17,F,2.29,9.2,4,NA,21,4,0,NA,9/30/17,P,2.32,4.1,4,NA,0,0,0,NA,NA
LV1 P2 QNA #0-2-2,LV1,2,NA,0-2-2,NA,NA,NA,8/9/17,NA,NA,NA,NA,0,0,0,NA,NA,8/14/17,NA,NA,NA,NA,0,0,0,NA,NA,8/22/17,NA,NA,NA,NA,0,0,0,NA,NA,8/29/17,NA,NA,NA,NA,0,0,0,NA,9/3/17,F,2.2,8.5,2,NA,15,5,0,NA,9/30/17,P,2.65,10.5,2,NA,0,0,9,5.9,NA
LV1 P2 QNA #0-3,LV1,2,NA,0-3,(8/22/17),NA,NA,8/9/17,NA,NA,NA,NA,0,0,0,NA,NA,8/14/17,NA,NA,NA,NA,0,0,0,NA,B,8/22/17,2.26,3.1,2,NA,4,0,0,NA,B,8/29/17,2.6,5.2,2,NA,23,0,0,NA,9/3/17,F,2.6,8.3,2,NA,20,8,0,NA,9/30/17,S,2.87,10.3,2,NA,0,0,3,5.4,NA
LV1 P2 QNA #0-4,LV1,2,NA,0-4,(8/22/17),NA,NA,8/9/17,NA,NA,NA,NA,0,0,0,NA,NA,8/14/17,NA,NA,NA,NA,0,0,0,NA,B,8/22/17,3.85,4,3,NA,18,0,0,NA,B,8/29/17,4.45,6.2,3,NA,30,0,0,NA,9/3/17,F,4.45,9.1,3,NA,23,13,0,NA,9/30/17,P,4.38,10.6,3,NA,0,0,9,7.4,NA
LV1 P2 QNA #0-5,LV1,2,NA,0-5,(8/22/17),NA,NA,8/9/17,NA,NA,NA,NA,0,0,0,NA,NA,8/14/17,NA,NA,NA,NA,0,0,0,NA,B,8/22/17,2.05,2.1,3,NA,19,0,0,NA,B,8/29/17,2.05,6.4,3,NA,32,0,0,NA,9/3/17,F,2.95,8.2,3,NA,20,10,0,NA,9/30/17,P,2.7,4.5,5,NA,11,0,1,1.5,NA
LV1 P2 QNA #0-6,LV1,2,NA,0-6,(8/22/17),NA,NA,8/9/17,NA,NA,NA,NA,0,0,0,NA,NA,8/14/17,NA,NA,NA,NA,0,0,0,NA,B,8/22/17,1.46,1.7,1,NA,8,0,0,NA,B,8/29/17,1.46,4,1,NA,11,0,0,NA,9/3/17,F,2.05,5.6,1,NA,10,5,0,NA,9/30/17,P,2.1,6.8,1,NA,0,0,6,5,NA
LV1 P2 QNA #0-7,LV1,2,NA,0-7,(8/22/17),NA,NA,8/9/17,NA,NA,NA,NA,0,0,0,NA,NA,8/14/17,NA,NA,NA,NA,0,0,0,NA,B,8/22/17,2.12,3.6,4,NA,7,0,0,NA,B,8/29/17,2.12,5.2,4,NA,33,0,0,NA,9/3/17,F,2.53,8.1,5,NA,28,1,0,NA,9/30/17,F,2.91,9,6,NA,24,5,3,0.7,NA
LV1 P2 QNA #0-8,LV1,2,NA,0-8,(8/29/17),NA,NA,8/9/17,NA,NA,NA,NA,0,0,0,NA,NA,8/14/17,NA,NA,NA,NA,0,0,0,NA,NA,8/22/17,NA,NA,NA,NA,0,0,0,NA,F,8/29/17,2.51,4.2,3,NA,21,2,0,NA,9/3/17,F,2.51,6.5,3,NA,18,5,0,NA,9/30/17,S,2.34,7.4,3,NA,0,0,10,4.4,NA
LV1 P2 QNA #0-9,LV1,2,NA,0-9,(8/29/17),NA,NA,8/9/17,NA,NA,NA,NA,0,0,0,NA,NA,8/14/17,NA,NA,NA,NA,0,0,0,NA,NA,8/22/17,NA,NA,NA,NA,0,0,0,NA,F,8/29/17,1.75,9.4,1,NA,8,3,0,1.2,9/3/17,F,1.75,11.3,1,NA,5,3,2,1.2,9/30/17,S,1.68,10,1,NA,0,0,3,4.8,NA
LV1 P2 QNA #0-10,LV1,2,NA,0-10,(8/29/17),NA,NA,8/9/17,NA,NA,NA,NA,0,0,0,NA,NA,8/14/17,NA,NA,NA,NA,0,0,0,NA,NA,8/22/17,NA,NA,NA,NA,0,0,0,NA,V,8/29/17,1.53,2,1,0.7,0,0,0,NA,9/3/17,V,1.53,2.6,1,0.7,0,0,0,NA,9/30/17,X,NA,NA,NA,NA,0,0,0,NA,NA
LV1 P2 QNA #0-11,LV1,2,NA,0-11,(8/29/17),NA,NA,8/9/17,NA,NA,NA,NA,0,0,0,NA,NA,8/14/17,NA,NA,NA,NA,0,0,0,NA,NA,8/22/17,NA,NA,NA,NA,0,0,0,NA,V,8/29/17,1.41,2.1,1,1.3,0,0,0,NA,9/3/17,V,1.63,2.1,1,1.3,0,0,0,NA,9/30/17,V,2.04,1.6,1,1.4,0,0,0,NA,3
LV1 P2 QNA #0-12,LV1,2,NA,0-12,(8/29/17),NA,NA,8/9/17,NA,NA,NA,NA,0,0,0,NA,NA,8/14/17,NA,NA,NA,NA,0,0,0,NA,NA,8/22/17,NA,NA,NA,NA,0,0,0,NA,F,8/29/17,2.18,12,1,NA,11,7,0,NA,9/3/17,F,2.5,13.5,1,NA,6,6,7,3,9/30/17,P,2.77,7.4,4,NA,12,0,0,NA,NA
LV1 P2 QNA #1,LV1,2,NA,1,(8/9/17),V,Y,8/9/17,3.95,4,6,2,0,0,0,NA,V,8/14/17,3.95,4,6,2,0,0,0,NA,B,8/22/17,3.95,4,6,NA,74,0,0,NA,F,8/29/17,4.73,10,12,NA,96,21,0,NA,9/3/17,F,4.73,15.8,12,NA,7,5,2,0.7,9/30/17,F,4.59,9.5,3,NA,73,1,0,NA,NA
LV1 P2 QNA #2,LV1,2,NA,2,(8/9/17),V,Y,8/9/17,2.14,4.5,3,1.5,0,0,0,NA,V,8/14/17,2.14,4.5,3,1.5,0,0,0,NA,B,8/22/17,2.14,4.5,3,NA,56,0,0,NA,F,8/29/17,3.06,14.2,8,NA,58,28,0,NA,9/3/17,F,3.42,15.1,8,NA,26,24,28,2.5,9/30/17,S,3.44,11.4,9,NA,0,0,3,5.2,NA
LV1 P2 QNA #2-1,LV1,2,NA,1-Feb,(8/29/17),NA,NA,8/9/17,NA,NA,NA,NA,0,0,0,NA,NA,8/14/17,NA,NA,NA,NA,0,0,0,NA,NA,8/22/17,NA,NA,NA,NA,0,0,0,NA,F,8/29/17,1.65,7.1,1,NA,5,4,0,NA,9/3/17,F,2.01,7.5,1,NA,3,1,4,1.2,9/30/17,S,1.61,7.8,1,NA,0,0,2,3.7,NA
LV1 P2 QNA #2-2,LV1,2,NA,2-Feb,(8/29/17),NA,NA,8/9/17,NA,NA,NA,NA,0,0,0,NA,NA,8/14/17,NA,NA,NA,NA,0,0,0,NA,NA,8/22/17,NA,NA,NA,NA,0,0,0,NA,F,8/29/17,2.82,11.2,1,NA,8,5,0,NA,9/3/17,F,2.91,13.3,1,NA,5,5,5,3.1,9/30/17,S,3.02,14.5,1,NA,0,0,4,6.1,NA
LV1 P2 QNA #2-3,LV1,2,NA,3-Feb,(8/29/17),NA,NA,8/9/17,NA,NA,NA,NA,0,0,0,NA,NA,8/14/17,NA,NA,NA,NA,0,0,0,NA,NA,8/22/17,NA,NA,NA,NA,0,0,0,NA,F,8/29/17,2.14,5.5,6,NA,14,2,0,NA,9/3/17,F,2.33,8.4,6,NA,12,2,0,NA,9/30/17,S,2.38,11,6,NA,0,0,2,4.2,NA
LV1 P2 QNA #3,LV1,2,NA,3,(8/9/17),D,N,8/9/17,NA,NA,NA,NA,0,0,0,NA,D,8/14/17,NA,NA,NA,NA,0,0,0,NA,D,8/22/17,NA,NA,NA,NA,0,0,0,NA,D,8/29/17,NA,NA,NA,NA,0,0,0,NA,9/3/17,D,NA,NA,NA,NA,0,0,0,NA,9/30/17,D,NA,NA,NA,NA,0,0,0,NA,NA
LV1 P2 QNA #3-1,LV1,2,NA,1-Mar,(8/29/17),NA,NA,8/9/17,NA,NA,NA,NA,0,0,0,NA,NA,8/14/17,NA,NA,NA,NA,0,0,0,NA,NA,8/22/17,NA,NA,NA,NA,0,0,0,NA,F,8/29/17,1.85,8.9,1,NA,9,4,0,NA,9/3/17,F,2.5,10.1,1,NA,5,6,3,1.6,NA,S,2.44,11.1,1,NA,0,0,5,5.1,NA
LV1 P2 QNA #3-2,LV1,2,NA,2-Mar,(8/29/17),NA,NA,8/9/17,NA,NA,NA,NA,0,0,0,NA,NA,8/14/17,NA,NA,NA,NA,0,0,0,NA,NA,8/22/17,NA,NA,NA,NA,0,0,0,NA,F,8/29/17,2.42,6.7,4,NA,16,3,0,NA,9/3/17,F,2.42,6.7,5,NA,6,2,1,0.5,NA,S,2.65,7.6,4,NA,0,0,2,4.1,NA
LV1 P2 QNA #4,LV1,2,NA,4,(8/9/17),V,Y,8/9/17,2.38,5,3,0.7,0,0,0,NA,B,8/14/17,2.38,5,3,NA,3,0,0,NA,B,8/22/17,2.38,7.2,3,NA,4,0,0,NA,F,8/29/17,2.38,9,3,NA,8,2,0,NA,9/3/17,F,2.66,10.1,1,NA,6,3,0,NA,9/30/17,P,3.09,9.6,1,NA,0,0,0,NA,NA
LV1 P2 QNA #5,LV1,2,NA,5,(8/9/17),V,N,8/9/17,2.02,3.5,1,1.8,0,0,0,NA,B,8/14/17,2.02,3.5,1,NA,18,0,0,NA,B,8/22/17,2.02,3.5,7,NA,58,0,0,NA,F,8/29/17,2.76,9.9,7,NA,52,29,0,NA,9/3/17,F,3.12,12.5,7,NA,37,29,21,2.8,9/30/17,S,3.25,13.3,7,NA,0,0,22,6.3,NA
LV1 P2 QNA #6,LV1,2,NA,6,(8/9/17),D,N,8/9/17,NA,NA,NA,NA,0,0,0,NA,D,8/14/17,NA,NA,NA,NA,0,0,0,NA,D,8/22/17,NA,NA,NA,NA,0,0,0,NA,D,8/29/17,NA,NA,NA,NA,0,0,0,NA,9/3/17,D,NA,NA,NA,NA,0,0,0,NA,9/30/17,D,NA,NA,NA,NA,0,0,0,NA,NA
LV1 P2 QNA #6-1,LV1,2,NA,1-Jun,(8/29/17),NA,NA,8/9/17,NA,NA,NA,NA,0,0,0,NA,NA,8/14/17,NA,NA,NA,NA,0,0,0,NA,NA,8/22/17,NA,NA,NA,NA,0,0,0,NA,F,8/29/17,1.68,12.4,1,NA,3,5,1,1,9/3/17,F,1.68,14,1,NA,1,2,6,6.2,9/30/17,SX,NA,NA,NA,NA,0,0,0,NA,NA
LV1 P2 QNA #6-2,LV1,2,NA,2-Jun,(8/29/17),NA,NA,8/9/17,NA,NA,NA,NA,0,0,0,NA,NA,8/14/17,NA,NA,NA,NA,0,0,0,NA,NA,8/22/17,NA,NA,NA,NA,0,0,0,NA,F,8/29/17,1.37,8.3,1,NA,9,1,0,NA,9/3/17,F,2.27,9.8,2,NA,6,3,1,1,9/30/17,S,1.55,10.4,1,NA,0,0,2,3.4,NA
LV1 P2 QNA #6-3,LV1,2,NA,3-Jun,(8/29/17),NA,NA,8/9/17,NA,NA,NA,NA,0,0,0,NA,NA,8/14/17,NA,NA,NA,NA,0,0,0,NA,NA,8/22/17,NA,NA,NA,NA,0,0,0,NA,F,8/29/17,2.27,9.8,4,NA,18,12,4,0.9,9/3/17,F,2.52,12,4,NA,13,7,15,5,9/30/17,S,2.27,11.5,3,NA,0,0,7,4.9,NA
LV1 P2 QNA #6-4,LV1,2,NA,4-Jun,(8/29/17),NA,NA,8/9/17,NA,NA,NA,NA,0,0,0,NA,NA,8/14/17,NA,NA,NA,NA,0,0,0,NA,NA,8/22/17,NA,NA,NA,NA,0,0,0,NA,F,8/29/17,2.03,8.1,1,NA,6,5,2,0.7,9/3/17,F,2.24,9.5,1,NA,5,4,3,3.2,9/30/17,S,2.23,9,1,NA,0,0,3,3.3,NA
LV1 P2 QNA #6-5,LV1,2,NA,5-Jun,(8/29/17),NA,NA,8/9/17,NA,NA,NA,NA,0,0,0,NA,NA,8/14/17,NA,NA,NA,NA,0,0,0,NA,NA,8/22/17,NA,NA,NA,NA,0,0,0,NA,F,8/29/17,2.36,7.7,3,NA,9,6,2,0.6,9/3/17,F,2.36,9.2,3,NA,5,4,7,4,9/30/17,S,2.25,8.4,3,NA,0,0,5,4.6,NA
LV1 P2 QNA #7,LV1,2,NA,7,(8/9/17),V,N,8/9/17,2.26,1.5,2,1.1,0,0,0,NA,B,8/14/17,2.26,1.5,2,NA,6,0,0,NA,B,8/22/17,2.26,1.5,3,NA,24,0,0,NA,F,8/29/17,2.26,11.1,2,NA,9,11,2,0.8,9/3/17,F,2.4,2.5,2,NA,9,7,11,5,9/30/17,S,2.2,13,2,NA,0,0,8,5,NA
LV1 P2 QNA #7-1,LV1,2,NA,1-Jul,(8/29/17),NA,NA,8/9/17,NA,NA,NA,NA,0,0,0,NA,NA,8/14/17,NA,NA,NA,NA,0,0,0,NA,NA,8/22/17,NA,NA,NA,NA,0,0,0,NA,F,8/29/17,2.35,6.5,1,NA,7,0,1,0.5,9/3/17,F,2.47,8.1,1,NA,5,1,1,3.3,9/30/17,S,2.16,7.7,1,NA,0,0,3,4.8,NA
LV1 P2 QNA #7-2,LV1,2,NA,2-Jul,(8/29/17),NA,NA,8/9/17,NA,NA,NA,NA,0,0,0,NA,NA,8/14/17,NA,NA,NA,NA,0,0,0,NA,NA,8/22/17,NA,NA,NA,NA,0,0,0,NA,F,8/29/17,1.98,10,3,NA,13,7,1,0.4,9/3/17,F,2.1,10,3,NA,7,5,5,3.5,9/30/17,S,2.13,9,3,NA,0,0,5,5.5,NA
LV1 P2 QNA #8,LV1,2,NA,8,(8/9/17),D,N,8/9/17,NA,NA,NA,NA,0,0,0,NA,D,8/14/17,NA,NA,NA,NA,0,0,0,NA,D,8/22/17,NA,NA,NA,NA,0,0,0,NA,D,8/29/17,NA,NA,NA,NA,0,0,0,NA,9/3/17,D,NA,NA,NA,NA,0,0,0,NA,9/30/17,D,NA,NA,NA,NA,0,0,0,NA,NA
LV1 P2 QNA #9,LV1,2,NA,9,(8/9/17),D,N,8/9/17,NA,NA,NA,NA,0,0,0,NA,D,8/14/17,NA,NA,NA,NA,0,0,0,NA,D,8/22/17,NA,NA,NA,NA,0,0,0,NA,D,8/29/17,NA,NA,NA,NA,0,0,0,NA,9/3/17,D,NA,NA,NA,NA,0,0,0,NA,9/30/17,D,NA,NA,NA,NA,0,0,0,NA,NA
LV1 P2 QNA #9-1,LV1,2,NA,1-Sep,(8/29/17),NA,NA,8/9/17,NA,NA,NA,NA,0,0,0,NA,NA,8/14/17,NA,NA,NA,NA,0,0,0,NA,NA,8/22/17,NA,NA,NA,NA,0,0,0,NA,F,8/29/17,2.15,10,1,NA,5,4,4,1.9,9/3/17,F,2.15,10,1,NA,5,1,8,4.9,9/30/17,S,1.91,10,1,NA,0,0,3,5,NA
LV1 P2 QNA #9-1-1,LV1,2,NA,9/1/01,(9/3/2017),NA,NA,8/9/17,NA,NA,NA,NA,0,0,0,NA,NA,8/14/17,NA,NA,NA,NA,0,0,0,NA,NA,8/22/17,NA,NA,NA,NA,0,0,0,NA,NA,8/29/17,NA,NA,NA,NA,0,0,0,NA,9/3/17,F,1.87,10.1,3,NA,5,3,3,1.5,NA,NA,NA,NA,NA,NA,0,0,0,NA,NA
LV1 P2 QNA #9-2,LV1,2,NA,2-Sep,(8/29/17),NA,NA,8/9/17,NA,NA,NA,NA,0,0,0,NA,NA,8/14/17,NA,NA,NA,NA,0,0,0,NA,NA,8/22/17,NA,NA,NA,NA,0,0,0,NA,NA,8/29/17,NA,NA,NA,NA,0,0,0,NA,9/3/17,NA,NA,NA,NA,NA,0,0,0,NA,9/30/17,NA,NA,NA,NA,NA,0,0,0,NA,NA
LV1 P2 QNA #9-3,LV1,2,NA,3-Sep,(8/29/17),NA,NA,8/9/17,NA,NA,NA,NA,0,0,0,NA,NA,8/14/17,NA,NA,NA,NA,0,0,0,NA,NA,8/22/17,NA,NA,NA,NA,0,0,0,NA,F,8/29/17,2.99,9.1,5,NA,20,15,6,1,9/3/17,F,3.05,11.5,5,NA,18,6,21,5.1,9/30/17,S,2.71,11,5,NA,0,0,13,5.1,NA
LV1 P2 QNA #9-4,LV1,2,NA,4-Sep,(8/29/17),NA,NA,8/9/17,NA,NA,NA,NA,0,0,0,NA,NA,8/14/17,NA,NA,NA,NA,0,0,0,NA,NA,8/22/17,NA,NA,NA,NA,0,0,0,NA,V,8/29/17,1.07,0.5,1,0.5,0,0,0,NA,9/3/17,V,1.07,0.5,1,0.5,0,0,0,NA,9/30/17,V,1.29,0.4,1,0.8,0,0,0,NA,1.4
LV1 P2 QNA #9-5,LV1,2,NA,5-Sep,(8/29/17),NA,NA,8/9/17,NA,NA,NA,NA,0,0,0,NA,NA,8/14/17,NA,NA,NA,NA,0,0,0,NA,NA,8/22/17,NA,NA,NA,NA,0,0,0,NA,D,8/29/17,NA,NA,NA,NA,0,0,0,NA,9/3/17,D,NA,NA,NA,NA,0,0,0,NA,9/30/17,D,NA,NA,NA,NA,0,0,0,NA,NA
LV1 P2 QNA #9-6,LV1,2,NA,6-Sep,(8/29/17),NA,NA,8/9/17,NA,NA,NA,NA,0,0,0,NA,NA,8/14/17,NA,NA,NA,NA,0,0,0,NA,NA,8/22/17,NA,NA,NA,NA,0,0,0,NA,F,8/29/17,1.72,5.8,1,NA,0,2,3,1.8,9/3/17,P,1.72,5.8,1,NA,0,0,3,1.4,9/30/17,S,1.79,5.2,1,NA,0,0,1,0.4,NA
LV1 P2 QNA #10,LV1,2,NA,10,(8/9/17),D,N,8/9/17,NA,NA,NA,NA,0,0,0,NA,D,8/14/17,NA,NA,NA,NA,0,0,0,NA,D,8/22/17,NA,NA,NA,NA,0,0,0,NA,D,8/29/17,NA,NA,NA,NA,0,0,0,NA,9/3/17,D,NA,NA,NA,NA,0,0,0,NA,9/30/17,D,NA,NA,NA,NA,0,0,0,NA,NA
LV1 P2 QNA #10-1,LV1,2,NA,1-Oct,(8/29/17),NA,NA,8/9/17,NA,NA,NA,NA,0,0,0,NA,NA,8/14/17,NA,NA,NA,NA,0,0,0,NA,NA,8/22/17,NA,NA,NA,NA,0,0,0,NA,F,8/29/17,2.47,15,1,NA,6,7,1,0.9,9/3/17,F,2.47,15.1,1,NA,4,4,7,6.1,9/30/17,P,2.44,14.7,1,NA,0,0,4,6.8,NA
LV1 P2 QNA #10-2,LV1,2,NA,2-Oct,(8/29/17),NA,NA,8/9/17,NA,NA,NA,NA,0,0,0,NA,NA,8/14/17,NA,NA,NA,NA,0,0,0,NA,NA,8/22/17,NA,NA,NA,NA,0,0,0,NA,F,8/29/17,3.98,14,4,NA,4,4,4,3.9,9/3/17,F,3.98,14,4,NA,6,1,7,6.1,9/30/17,P,2.71,14.2,2,NA,0,0,5,6.4,NA
LV1 P2 QNA #10-3,LV1,2,NA,3-Oct,(8/29/17),NA,NA,8/9/17,NA,NA,NA,NA,0,0,0,NA,NA,8/14/17,NA,NA,NA,NA,0,0,0,NA,NA,8/22/17,NA,NA,NA,NA,0,0,0,NA,F,8/29/17,1.7,8.5,1,NA,4,3,3,1.5,9/3/17,F,1.7,8.9,1,NA,3,1,5,4,9/30/17,P,1.48,8.3,1,NA,0,0,2,4.1,NA
LV1 P2 QNA #10-4,LV1,2,NA,4-Oct,(8/29/17),NA,NA,8/9/17,NA,NA,NA,NA,0,0,0,NA,NA,8/14/17,NA,NA,NA,NA,0,0,0,NA,NA,8/22/17,NA,NA,NA,NA,0,0,0,NA,F,8/29/17,1.72,12.7,2,NA,8,4,6,3.8,9/3/17,F,2.39,14.6,2,NA,5,4,8,5.5,9/30/17,P,2.16,13.6,2,NA,0,0,4,5.7,NA
LV1 P2 QNA #10-5,LV1,2,NA,5-Oct,(8/29/17),NA,NA,8/9/17,NA,NA,NA,NA,0,0,0,NA,NA,8/14/17,NA,NA,NA,NA,0,0,0,NA,NA,8/22/17,NA,NA,NA,NA,0,0,0,NA,F,8/29/17,1.91,8.5,2,NA,11,6,3,1.3,9/3/17,F,1.99,9.6,3,NA,7,2,8,4.5,9/30/17,P,1.85,9.4,2,NA,0,0,3,4.4,NA
LV1 P2 QNA #10-6,LV1,2,NA,6-Oct,(8/29/17),NA,NA,8/9/17,NA,NA,NA,NA,0,0,0,NA,NA,8/14/17,NA,NA,NA,NA,0,0,0,NA,NA,8/22/17,NA,NA,NA,NA,0,0,0,NA,F,8/29/17,1.83,8.3,1,NA,5,5,5,3.1,9/3/17,F,2.37,9,1,NA,4,3,6,4.6,9/30/17,P,2.27,9.5,1,NA,0,0,5,5,NA
LV1 P2 QNA #11,LV1,2,NA,11,(8/9/17),V,N,8/9/17,1.79,3.5,1,0.7,0,0,0,NA,B,8/14/17,1.79,3.5,1,NA,10,0,0,NA,F,8/22/17,1.79,7.4,3,NA,13,1,0,NA,NA,8/29/17,NA,NA,NA,NA,0,0,0,NA,9/3/17,NA,NA,NA,NA,NA,0,0,0,NA,9/30/17,NA,NA,NA,NA,NA,0,0,0,NA,NA
LV1 P2 QNA #12,LV1,2,NA,12,(8/9/17),V,N,8/9/17,2.61,3.8,1,2,0,0,0,NA,B,8/14/17,2.61,3.8,1,NA,20,0,0,NA,F,8/22/17,2.61,8.2,6,NA,36,1,0,NA,F,8/29/17,3.43,12.3,6,NA,26,20,8,1.7,9/3/17,F,3.76,13.3,6,NA,14,11,30,5.4,9/30/17,P,4.53,13.4,5,NA,0,0,24,5.5,NA
LV1 P2 QNA #12-1,LV1,2,NA,1-Dec,(8/29/17),NA,NA,8/9/17,NA,NA,NA,NA,0,0,0,NA,NA,8/14/17,NA,NA,NA,NA,0,0,0,NA,NA,8/22/17,NA,NA,NA,NA,0,0,0,NA,F,8/29/17,2.08,12,2,NA,4,6,4,2.2,9/3/17,F,2.61,13.2,2,NA,3,1,10,6,9/30/17,P,2.04,13,2,NA,0,0,6,5.5,NA
LV1 P2 QNA #12-2,LV1,2,NA,2-Dec,(8/29/17),NA,NA,8/9/17,NA,NA,NA,NA,0,0,0,NA,NA,8/14/17,NA,NA,NA,NA,0,0,0,NA,NA,8/22/17,NA,NA,NA,NA,0,0,0,NA,F,8/29/17,2.06,5.6,2,NA,5,6,0,NA,9/3/17,F,2.66,9.4,2,NA,4,2,5,2.8,9/30/17,P,2.37,9.7,1,NA,0,0,3,4.5,NA
LV1 P2 QNA #12-3,LV1,2,NA,3-Dec,(8/29/17),NA,NA,8/9/17,NA,NA,NA,NA,0,0,0,NA,NA,8/14/17,NA,NA,NA,NA,0,0,0,NA,NA,8/22/17,NA,NA,NA,NA,0,0,0,NA,V,8/29/17,1.11,3.5,1,0.9,0,0,0,NA,9/3/17,V,1.11,3.5,1,0.9,0,0,0,NA,9/30/17,V,1.23,3.6,1,1,0,0,0,NA,1.9
LV1 P2 QNA #12-4,LV1,2,NA,4-Dec,(9/3/17),NA,Y,8/9/17,NA,NA,NA,NA,0,0,0,NA,NA,8/14/17,NA,NA,NA,NA,0,0,0,NA,NA,8/22/17,NA,NA,NA,NA,0,0,0,NA,NA,8/29/17,NA,NA,NA,NA,0,0,0,NA,9/3/17,F,2.8,8,3,NA,10,4,1,0.4,9/30/17,F,3.72,10.5,3,NA,8,2,6,5.4,NA
LV1 P2 QNA #13,LV1,2,NA,13,(8/9/17),D,N,8/9/17,NA,NA,NA,NA,0,0,0,NA,D,8/14/17,NA,NA,NA,NA,0,0,0,NA,D,8/22/17,NA,NA,NA,NA,0,0,0,NA,D,8/29/17,NA,NA,NA,NA,0,0,0,NA,9/3/17,D,NA,NA,NA,NA,0,0,0,NA,9/30/17,D,NA,NA,NA,NA,0,0,0,NA,NA
LV1 P2 QNA #14,LV1,2,NA,14,(8/9/17),D,N,8/9/17,NA,NA,NA,NA,0,0,0,NA,D,8/14/17,NA,NA,NA,NA,0,0,0,NA,D,8/22/17,NA,NA,NA,NA,0,0,0,NA,D,8/29/17,NA,NA,NA,NA,0,0,0,NA,9/3/17,D,NA,NA,NA,NA,0,0,0,NA,9/30/17,D,NA,NA,NA,NA,0,0,0,NA,NA
LV1 P2 QNA #15,LV1,2,NA,15,(8/9/17),D,N,8/9/17,NA,NA,NA,NA,0,0,0,NA,D,8/14/17,NA,NA,NA,NA,0,0,0,NA,D,8/22/17,NA,NA,NA,NA,0,0,0,NA,D,8/29/17,NA,NA,NA,NA,0,0,0,NA,9/3/17,D,NA,NA,NA,NA,0,0,0,NA,9/30/17,D,NA,NA,NA,NA,0,0,0,NA,NA
LV1 P2 QNA #15-1,LV1,2,NA,15-1,(8/29/17),NA,NA,8/9/17,NA,NA,NA,NA,0,0,0,NA,NA,8/14/17,NA,NA,NA,NA,0,0,0,NA,NA,8/22/17,NA,NA,NA,NA,0,0,0,NA,V,8/29/17,1.21,2.5,1,0.6,0,0,0,NA,9/3/17,V,1.21,3,1,0.6,0,0,0,NA,9/30/17,V,1.29,2.6,1,1,0,0,0,NA,1.5
LV1 P2 QNA #15-2,LV1,2,NA,15-2,(8/29/17),NA,NA,8/9/17,NA,NA,NA,NA,0,0,0,NA,NA,8/14/17,NA,NA,NA,NA,0,0,0,NA,NA,8/22/17,NA,NA,NA,NA,0,0,0,NA,F,8/29/17,1.77,10.6,1,NA,8,5,0,NA,9/3/17,F,1.77,11,1,NA,5,4,4,4.3,9/30/17,P,1.76,12.3,1,NA,0,0,4,5.9,NA
LV1 P2 QNA #16,LV1,2,NA,16,(8/9/17),V,N,8/9/17,0.75,0.7,1,0.4,0,0,0,NA,V,8/14/17,0.75,0.7,1,0.4,0,0,0,NA,V,8/22/17,0.75,1.1,1,0.4,0,0,0,NA,V,8/29/17,0.75,1.4,1,0.3,0,0,0,NA,9/3/17,V,0.75,1.4,1,0.4,0,0,0,NA,9/30/17,V,1.12,1.2,1,0.6,0,0,0,NA,1.1
LV1 P2 QNA #16-1,LV1,2,NA,16-1,(8/29/17),NA,NA,8/9/17,NA,NA,NA,NA,0,0,0,NA,NA,8/14/17,NA,NA,NA,NA,0,0,0,NA,NA,8/22/17,NA,NA,NA,NA,0,0,0,NA,V,8/29/17,0.74,1.5,1,0.3,0,0,0,NA,9/3/17,V,0.74,1.5,1,0.3,0,0,0,NA,9/30/17,V,1.27,1.6,1,0.4,0,0,0,NA,0.9
LV1 P2 QNA #17,LV1,2,NA,17,(8/9/17),V,N,8/9/17,1.34,2.2,1,1,0,0,0,NA,V,8/14/17,1.34,2.2,1,1,0,0,0,NA,B,8/22/17,1.34,2.6,2,NA,9,0,0,NA,F,8/29/17,1.66,6,2,NA,6,2,0,NA,9/3/17,F,1.66,6.8,2,NA,6,2,3,1.5,9/30/17,F,2.89,10.5,1,NA,2,1,7,5.4,NA
LV1 P2 QNA #18,LV1,2,NA,18,(8/9/17),V,N,8/9/17,1.59,2.4,1,1,0,0,0,NA,B,8/14/17,1.59,2.4,1,NA,5,0,0,NA,F,8/22/17,1.59,5.7,1,NA,6,2,0,NA,F,8/29/17,2.62,9.2,1,NA,0,5,4,1.3,9/3/17,P,2.62,10,1,NA,0,0,9,4.5,9/30/17,P,2.08,9.2,1,NA,0,0,8,4.4,NA
LV1 P2 QNA #18-1,LV1,2,NA,18-1,(8/29/17),NA,NA,8/9/17,NA,NA,NA,NA,0,0,0,NA,NA,8/14/17,NA,NA,NA,NA,0,0,0,NA,NA,8/22/17,NA,NA,NA,NA,0,0,0,NA,V,8/29/17,1.4,2.1,1,1.2,0,0,0,NA,9/3/17,V,1.4,2.1,1,1.2,0,0,0,NA,9/30/17,V,2.01,2.2,1,1.5,0,0,0,NA,3.1
LV1 P2 QNA #18-2,LV1,2,NA,18-2,(8/29/17),NA,NA,8/9/17,NA,NA,NA,NA,0,0,0,NA,NA,8/14/17,NA,NA,NA,NA,0,0,0,NA,NA,8/22/17,NA,NA,NA,NA,0,0,0,NA,V,8/29/17,0.99,1,1,0.6,0,0,0,NA,9/3/17,V,0.99,1,1,0.6,0,0,0,NA,9/30/17,V,1.14,1.1,1,0.8,0,0,0,NA,1.4
LV1 P2 QNA #18-3,LV1,2,NA,18-3,(8/29/17),NA,NA,8/9/17,NA,NA,NA,NA,0,0,0,NA,NA,8/14/17,NA,NA,NA,NA,0,0,0,NA,NA,8/22/17,NA,NA,NA,NA,0,0,0,NA,F,8/29/17,2.51,19.2,3,NA,9,8,9,6.7,9/3/17,F,3.03,20.1,2,NA,7,4,12,7.3,9/30/17,P,2,18.3,2,NA,0,0,9,7.5,NA
LV1 P2 QNA #19,LV1,2,NA,19,(8/9/17),B,N,8/9/17,2.2,3.5,1,1.5,3,0,0,NA,B,8/14/17,2.2,8.2,1,NA,19,0,0,NA,F,8/22/17,2.45,16.2,3,NA,19,7,0,NA,F,8/29/17,2.45,10.5,1,NA,7,3,2,1.6,9/3/17,F,2.45,11.7,1,NA,4,3,4,6.4,9/30/17,P,1.79,12.1,1,NA,0,0,6,6.7,NA
LV2 P1 QNA #1,LV2,1,NA,1,(8/8/17),F,N,8/8/17,3.93,14.5,3,NA,0,3,1,1.5,P,8/14/17,3.94,14.5,3,NA,0,0,3,6.2,F,8/22/17,3.94,14.5,3,NA,40,2,4,6.2,F,8/29/17,3.94,14.5,3,NA,50,18,7,6.5,9/5/17,F,6.33,14.3,7,NA,35,23,25,6.5,10/1/17,SX,NA,NA,NA,NA,0,0,0,NA,NA
LV2 P1 QNA #1-1,LV2,1,NA,1-Jan,(8/22/17),NA,NA,8/8/17,NA,NA,NA,NA,0,0,0,NA,NA,8/14/17,NA,NA,NA,NA,0,0,0,NA,V,8/22/17,1.3,1.9,1,2,0,0,0,NA,V,8/29/17,1.3,1.9,1,2,0,0,0,NA,9/5/17,V,2.82,3.2,1,2.7,0,0,0,NA,10/1/17,V,3.7,2.1,1,1.3,0,0,0,NA,7.5
LV2 P1 QNA #1-2,LV2,1,NA,2-Jan,(8/22/17),NA,NA,8/8/17,NA,NA,NA,NA,0,0,0,NA,NA,8/14/17,NA,NA,NA,NA,0,0,0,NA,V,8/22/17,1.25,1.6,1,1.3,0,0,0,NA,V,8/29/17,1.25,1.6,1,1.3,0,0,0,NA,9/5/17,V,1.79,1.6,1,1.6,0,0,0,NA,10/1/17,V,2.03,2.2,1,2.1,0,0,0,NA,4.8
LV2 P1 QNA #1-3,LV2,1,NA,3-Jan,(8/22/17),NA,NA,8/8/17,NA,NA,NA,NA,0,0,0,NA,NA,8/14/17,NA,NA,NA,NA,0,0,0,NA,V,8/22/17,1.16,1.9,1,1.5,0,0,0,NA,V,8/29/17,1.16,1.9,1,1.5,0,0,0,NA,9/5/17,V,1.61,2.1,1,2.2,0,0,0,NA,10/1/17,V,2.05,0.2,1,2.7,0,0,0,NA,5.7
LV2 P1 QNA #1-4,LV2,1,NA,4-Jan,(8/22/17),NA,NA,8/8/17,NA,NA,NA,NA,0,0,0,NA,NA,8/14/17,NA,NA,NA,NA,0,0,0,NA,V,8/22/17,1.4,1.7,1,1.6,0,0,0,NA,V,8/29/17,1.4,1.7,1,1.6,0,0,0,NA,9/5/17,V,2,2.3,1,2.5,0,0,0,NA,10/1/17,V,3.39,2.7,1,3.3,0,0,0,NA,6.4
LV2 P1 QNA #1-5,LV2,1,NA,5-Jan,(8/22/17),NA,NA,8/8/17,NA,NA,NA,NA,0,0,0,NA,NA,8/14/17,NA,NA,NA,NA,0,0,0,NA,V,8/22/17,1.46,1.8,1,1.5,0,0,0,NA,V,8/29/17,1.46,1.8,1,1.5,0,0,0,NA,9/5/17,V,2.02,3,1,2.4,0,0,0,NA,10/1/17,V,2.28,4.5,1,3.3,0,0,0,NA,6.2
LV2 P1 QNA #1-5-1,LV2,1,NA,1/5/01,(9/5/17),NA,NA,8/8/17,NA,NA,NA,NA,0,0,0,NA,NA,8/14/17,NA,NA,NA,NA,0,0,0,NA,NA,8/22/17,NA,NA,NA,NA,0,0,0,NA,NA,8/29/17,NA,NA,NA,NA,0,0,0,NA,9/5/17,V,1.75,2,1,2.1,0,0,0,NA,10/1/17,V,2.83,2.9,1,2.8,0,0,0,NA,5.6
LV2 P1 QNA #1-5-2,LV2,1,NA,1/5/02,(9/5/17),NA,NA,8/8/17,NA,NA,NA,NA,0,0,0,NA,NA,8/14/17,NA,NA,NA,NA,0,0,0,NA,NA,8/22/17,NA,NA,NA,NA,0,0,0,NA,NA,8/29/17,NA,NA,NA,NA,0,0,0,NA,9/5/17,V,1.42,2.1,1,2,0,0,0,NA,10/1/17,V,1.87,2.3,1,0.19,0,0,0,NA,4.5
LV2 P1 QNA #1-5-3,LV2,1,NA,1/5/03,(9/5/17),NA,NA,8/8/17,NA,NA,NA,NA,0,0,0,NA,NA,8/14/17,NA,NA,NA,NA,0,0,0,NA,NA,8/22/17,NA,NA,NA,NA,0,0,0,NA,NA,8/29/17,NA,NA,NA,NA,0,0,0,NA,9/5/17,V,1.83,3.3,1,2.4,0,0,0,NA,10/1/17,V,2.91,4.3,1,3.6,0,0,0,NA,6.5
LV2 P1 QNA #1-6,LV2,1,NA,6-Jan,(8/22/17),NA,NA,8/8/17,NA,NA,NA,NA,0,0,0,NA,NA,8/14/17,NA,NA,NA,NA,0,0,0,NA,V,8/22/17,1.15,1.7,1,1.7,0,0,0,NA,V,8/29/17,1.15,1.7,1,1.7,0,0,0,NA,9/5/17,V,1.6,2.8,1,2.7,0,0,0,NA,10/1/17,V,3.64,2.7,1,2.9,0,0,0,NA,6.7
LV2 P1 QNA #1-6-1,LV2,1,NA,1/6/01,(9/5/17),NA,NA,8/8/17,NA,NA,NA,NA,0,0,0,NA,NA,8/14/17,NA,NA,NA,NA,0,0,0,NA,NA,8/22/17,NA,NA,NA,NA,0,0,0,NA,NA,8/29/17,NA,NA,NA,NA,0,0,0,NA,9/5/17,V,1.95,2.6,1,2,0,0,0,NA,10/1/17,V,2.17,2.6,1,2.5,0,0,0,NA,5.6
LV2 P1 QNA #1-6-2,LV2,1,NA,1/6/02,(9/5/17),NA,NA,8/8/17,NA,NA,NA,NA,0,0,0,NA,NA,8/14/17,NA,NA,NA,NA,0,0,0,NA,NA,8/22/17,NA,NA,NA,NA,0,0,0,NA,NA,8/29/17,NA,NA,NA,NA,0,0,0,NA,9/5/17,V,1.9,3,1,2.2,0,0,0,NA,10/1/17,V,2.31,2.4,1,2.9,0,0,0,NA,6.2
LV2 P1 QNA #1-7,LV2,1,NA,7-Jan,(8/22/17),NA,NA,8/8/17,NA,NA,NA,NA,0,0,0,NA,NA,8/14/17,NA,NA,NA,NA,0,0,0,NA,V,8/22/17,1.27,2.2,1,1.8,0,0,0,NA,V,8/29/17,1.27,2.2,1,1.8,0,0,0,NA,9/5/17,V,2.53,3.2,1,3,0,0,0,NA,10/1/17,V,2.97,3.1,1,3,0,0,0,NA,5
LV2 P1 QNA #1-8,LV2,1,NA,8-Jan,(8/22/17),NA,NA,8/8/17,NA,NA,NA,NA,0,0,0,NA,NA,8/14/17,NA,NA,NA,NA,0,0,0,NA,V,8/22/17,1.12,2.5,1,1.7,0,0,0,NA,V,8/29/17,1.12,2.5,1,1.7,0,0,0,NA,9/5/17,X,NA,NA,NA,NA,0,0,0,NA,10/1/17,X,NA,NA,NA,NA,0,0,0,NA,NA
LV2 P1 QNA #1-9,LV2,1,NA,9-Jan,(8/22/17),NA,NA,8/8/17,NA,NA,NA,NA,0,0,0,NA,NA,8/14/17,NA,NA,NA,NA,0,0,0,NA,V,8/22/17,1.92,1.7,1,2,0,0,0,NA,V,8/29/17,1.92,1.7,1,2,0,0,0,NA,9/5/17,V,2.46,3,1,2.6,0,0,0,NA,10/1/17,V,3.54,2.4,1,3.9,0,0,0,NA,7.8
LV2 P1 QNA #1-9-1,LV2,1,NA,1/9/01,(9/5/17),NA,NA,8/8/17,NA,NA,NA,NA,0,0,0,NA,NA,8/14/17,NA,NA,NA,NA,0,0,0,NA,NA,8/22/17,NA,NA,NA,NA,0,0,0,NA,NA,8/29/17,NA,NA,NA,NA,0,0,0,NA,9/5/17,V,2.43,2.6,1,2.8,0,0,0,NA,10/1/17,V,2.32,2,1,3.5,0,0,0,NA,7.2
LV2 P1 QNA #1-10,LV2,1,NA,10-Jan,(8/22/17),NA,NA,8/8/17,NA,NA,NA,NA,0,0,0,NA,NA,8/14/17,NA,NA,NA,NA,0,0,0,NA,V,8/22/17,1.54,2,1,2.6,0,0,0,NA,V,8/29/17,1.54,2,1,2.6,0,0,0,NA,9/5/17,V,3.42,3.1,3,3,0,0,0,NA,10/1/17,V,4.11,4.5,1,3.9,0,0,0,NA,7.7
LV2 P1 QNA #1-11,LV2,1,NA,11-Jan,(8/22/17),NA,NA,8/8/17,NA,NA,NA,NA,0,0,0,NA,NA,8/14/17,NA,NA,NA,NA,0,0,0,NA,V,8/22/17,1.99,3.1,1,2.9,0,0,0,NA,V,8/29/17,1.99,3.1,1,2.9,0,0,0,NA,9/5/17,V,2.75,4,3,3.6,0,0,0,NA,10/1/17,V,2.78,3.4,1,3.9,0,0,0,NA,8.6
LV2 P1 QNA #1-12,LV2,1,NA,12-Jan,(8/22/17),NA,NA,8/8/17,NA,NA,NA,NA,0,0,0,NA,NA,8/14/17,NA,NA,NA,NA,0,0,0,NA,V,8/22/17,1.48,2.1,1,2.7,0,0,0,NA,V,8/29/17,1.48,2.1,1,2.7,0,0,0,NA,9/5/17,NA,NA,NA,NA,NA,0,0,0,NA,10/1/17,NA,NA,NA,NA,NA,0,0,0,NA,5.8
LV2 P1 QNA #1-13,LV2,1,NA,13-Jan,(8/22/17),NA,NA,8/8/17,NA,NA,NA,NA,0,0,0,NA,NA,8/14/17,NA,NA,NA,NA,0,0,0,NA,V,8/22/17,1.72,1.6,1,2.6,0,0,0,NA,V,8/29/17,1.72,1.6,1,2.6,0,0,0,NA,9/5/17,V,2.26,3.3,1,4,0,0,0,NA,10/1/17,V,2.37,3.5,1,4.8,0,0,0,NA,9
LV2 P1 QNA #1-14,LV2,1,NA,14-Jan,(8/22/17),NA,NA,8/8/17,NA,NA,NA,NA,0,0,0,NA,NA,8/14/17,NA,NA,NA,NA,0,0,0,NA,V,8/22/17,1.09,2.3,1,1.8,0,0,0,NA,V,8/29/17,1.09,2.3,1,1.8,0,0,0,NA,9/5/17,V,2.04,3.2,2,3,0,0,0,NA,10/1/17,V,2.38,2.4,1,3.5,0,0,0,NA,8.1
LV2 P1 QNA #1-15,LV2,1,NA,15-Jan,(8/22/17),NA,NA,8/8/17,NA,NA,NA,NA,0,0,0,NA,NA,8/14/17,NA,NA,NA,NA,0,0,0,NA,V,8/22/17,1.27,1.5,1,1.4,0,0,0,NA,V,8/29/17,1.27,1.5,1,1.4,0,0,0,NA,9/5/17,V,1.76,2.5,1,2.9,0,0,0,NA,10/1/17,V,2.09,2,1,3.5,0,0,0,NA,6.5
LV2 P1 QNA #2,LV2,1,NA,2,(8/8/17),P,N,8/8/17,2,11,3,NA,4,5,8,4.8,P,8/14/17,2,11,3,NA,2,1,5,4.3,P,8/22/17,2,11,3,NA,9,0,8,4.3,B,8/29/17,2,5.1,3,NA,5,0,0,0,9/5/17,F,2.57,7,5,NA,14,3,0,NA,10/1/17,NA,NA,NA,NA,NA,0,0,0,NA,NA
LV2 P1 QNA #2-1,LV2,1,NA,1-Feb,(8/22/17),NA,NA,8/8/17,NA,NA,NA,NA,0,0,0,NA,NA,8/14/17,NA,NA,NA,NA,0,0,0,NA,V,8/22/17,1.9,2.3,1,2.6,0,0,0,NA,V,8/29/17,1.9,2.3,1,2.6,0,0,0,NA,9/5/17,V,2.96,4,4,2.8,0,0,0,NA,10/1/17,V,2.63,3.2,1,2.7,0,0,0,NA,6.7
LV2 P1 QNA #2-1-1,LV2,1,NA,2/1/01,(9/5/17),NA,NA,8/8/17,NA,NA,NA,NA,0,0,0,NA,NA,8/14/17,NA,NA,NA,NA,0,0,0,NA,NA,8/22/17,NA,NA,NA,NA,0,0,0,NA,NA,8/29/17,NA,NA,NA,NA,0,0,0,NA,9/5/17,V,1.98,3,3,2.6,0,0,0,NA,10/1/17,V,2.44,2.1,1,2.4,0,0,0,NA,5.8
LV2 P1 QNA #2-1-2,LV2,1,NA,2/1/02,(9/5/17),NA,NA,8/8/17,NA,NA,NA,NA,0,0,0,NA,NA,8/14/17,NA,NA,NA,NA,0,0,0,NA,NA,8/22/17,NA,NA,NA,NA,0,0,0,NA,NA,8/29/17,NA,NA,NA,NA,0,0,0,NA,9/5/17,V,1.77,2.5,3,2.3,0,0,0,NA,10/1/17,V,2.8,2.5,1,3,0,0,0,NA,5.8
LV2 P1 QNA #2-2,LV2,1,NA,2-Feb,(8/22/17),NA,NA,8/8/17,NA,NA,NA,NA,0,0,0,NA,NA,8/14/17,NA,NA,NA,NA,0,0,0,NA,F,8/22/17,1.41,5,1,NA,10,5,0,0,F,8/29/17,1.41,5,1,NA,11,4,4,0.7,9/5/17,F,1.58,7.5,1,NA,2,1,5,5.1,10/1/17,P,3.02,8.1,1,NA,0,0,5,5,NA
LV2 P1 QNA #3,LV2,1,NA,3,(8/8/17),F,N,8/8/17,1.95,5.1,1,NA,0,1,1,2.5,P,8/14/17,1.95,5.1,1,NA,5,0,1,2.5,F,8/22/17,1.95,5.1,1,NA,8,2,1,2.5,F,8/29/17,1.95,5.1,1,NA,6,1,3,1.4,9/5/17,F,2.41,6.1,2,NA,6,3,3,2.6,10/1/17,P,2.3,8.8,2,NA,0,0,5,3.1,NA
LV2 P1 QNA #3-1,LV2,1,NA,1-Mar,(8/14/17),NA,NA,8/8/17,NA,NA,NA,NA,0,0,0,NA,F,8/14/17,4.09,15.1,7,NA,25,10,3,5.5,F,8/22/17,4.09,15.1,7,NA,22,6,8,5.5,F,8/29/17,4.09,15.1,7,NA,13,11,4,6.2,9/5/17,X,NA,NA,NA,NA,0,0,0,NA,10/1/17,X,NA,NA,NA,NA,0,0,0,NA,NA
LV2 P1 QNA #3-2,LV2,1,NA,2-Mar,(9/5/17),NA,NA,8/8/17,NA,NA,NA,NA,0,0,0,NA,NA,8/14/17,NA,NA,NA,NA,0,0,0,NA,NA,8/22/17,NA,NA,NA,NA,0,0,0,NA,NA,8/29/17,NA,NA,NA,NA,0,0,0,NA,9/5/17,V,1.61,4,1,3.1,0,0,0,NA,10/1/17,V,2.77,2.5,1,3,0,0,0,NA,6.5
LV2 P1 QNA #3-3,LV2,1,NA,3-Mar,(9/5/17),NA,NA,8/8/17,NA,NA,NA,NA,0,0,0,NA,NA,8/14/17,NA,NA,NA,NA,0,0,0,NA,NA,8/22/17,NA,NA,NA,NA,0,0,0,NA,NA,8/29/17,NA,NA,NA,NA,0,0,0,NA,9/5/17,V,2.68,1.9,1,2.7,0,0,0,NA,10/1/17,V,1.96,2.2,1,2.4,0,0,0,NA,6
LV2 P1 QNA #4,LV2,1,NA,4,(8/8/17),F,N,8/8/17,2.7,15.7,3,NA,4,3,8,5,F,8/14/17,2.7,16.1,3,NA,16,4,7,5.6,F,8/22/17,2.7,16.1,3,NA,25,6,7,7,F,8/29/17,2.7,16.1,3,NA,20,9,8,7,9/5/17,F,3.52,16.1,6,NA,15,9,21,7,10/1/17,F,3.63,12.4,6,NA,2,2,15,5.6,NA
LV2 P1 QNA #4-1,LV2,1,NA,1-Apr,(9/5/17),NA,NA,8/8/17,NA,NA,NA,NA,0,0,0,NA,NA,8/14/17,NA,NA,NA,NA,0,0,0,NA,NA,8/22/17,NA,NA,NA,NA,0,0,0,NA,NA,8/29/17,NA,NA,NA,NA,0,0,0,NA,9/5/17,V,2.09,2.7,1,3,0,0,0,NA,10/1/17,V,3.78,2.4,1,3.8,0,0,0,NA,6.4
LV2 P1 QNA #4-2,LV2,1,NA,2-Apr,(9/5/17),NA,NA,8/8/17,NA,NA,NA,NA,0,0,0,NA,NA,8/14/17,NA,NA,NA,NA,0,0,0,NA,NA,8/22/17,NA,NA,NA,NA,0,0,0,NA,NA,8/29/17,NA,NA,NA,NA,0,0,0,NA,9/5/17,V,2.02,4.2,3,3.5,0,0,0,NA,10/1/17,V,2.96,3.5,1,3.3,0,0,0,NA,7.1
LV2 P1 QNA #4-3,LV2,1,NA,3-Apr,(9/5/17),NA,NA,8/8/17,NA,NA,NA,NA,0,0,0,NA,NA,8/14/17,NA,NA,NA,NA,0,0,0,NA,NA,8/22/17,NA,NA,NA,NA,0,0,0,NA,NA,8/29/17,NA,NA,NA,NA,0,0,0,NA,9/5/17,V,1.79,4,1,2.4,0,0,0,NA,10/1/17,V,1.92,3.7,1,2.3,0,0,0,NA,4.7
LV2 P1 QNA #4-4,LV2,1,NA,4-Apr,(9/5/17),NA,NA,8/8/17,NA,NA,NA,NA,0,0,0,NA,NA,8/14/17,NA,NA,NA,NA,0,0,0,NA,NA,8/22/17,NA,NA,NA,NA,0,0,0,NA,NA,8/29/17,NA,NA,NA,NA,0,0,0,NA,9/5/17,V,1.66,3.5,1,2.6,0,0,0,NA,10/1/17,V,1.33,2.5,1,2.3,0,0,0,NA,4.2
LV2 P1 QNA #4-5,LV2,1,NA,5-Apr,(9/5/17),NA,NA,8/8/17,NA,NA,NA,NA,0,0,0,NA,NA,8/14/17,NA,NA,NA,NA,0,0,0,NA,NA,8/22/17,NA,NA,NA,NA,0,0,0,NA,NA,8/29/17,NA,NA,NA,NA,0,0,0,NA,9/5/17,V,1,4.5,1,2.2,0,0,0,NA,10/1/17,V,1.91,4.2,1,2.5,0,0,0,NA,4
LV2 P1 QNA #4-6,LV2,1,NA,6-Apr,(9/5/17),NA,NA,8/8/17,NA,NA,NA,NA,0,0,0,NA,NA,8/14/17,NA,NA,NA,NA,0,0,0,NA,NA,8/22/17,NA,NA,NA,NA,0,0,0,NA,NA,8/29/17,NA,NA,NA,NA,0,0,0,NA,9/5/17,V,1.7,3,1,3.1,0,0,0,NA,10/1/17,V,2.49,3.1,1,3.3,0,0,0,NA,7.3
LV2 P1 QNA #4-7,LV2,1,NA,7-Apr,(9/5/17),NA,NA,8/8/17,NA,NA,NA,NA,0,0,0,NA,NA,8/14/17,NA,NA,NA,NA,0,0,0,NA,NA,8/22/17,NA,NA,NA,NA,0,0,0,NA,NA,8/29/17,NA,NA,NA,NA,0,0,0,NA,9/5/17,V,2.42,4.5,1,3.3,0,0,0,NA,10/1/17,V,2.45,5.6,1,4,0,0,0,NA,7.1
LV2 P1 QNA #4-8,LV2,1,NA,8-Apr,(9/5/17),NA,NA,8/8/17,NA,NA,NA,NA,0,0,0,NA,NA,8/14/17,NA,NA,NA,NA,0,0,0,NA,NA,8/22/17,NA,NA,NA,NA,0,0,0,NA,NA,8/29/17,NA,NA,NA,NA,0,0,0,NA,9/5/17,V,1.38,4,1,3.3,0,0,0,NA,10/1/17,V,1.56,3.5,1,3.4,0,0,0,NA,6.1
LV2 P1 QNA #5,LV2,1,NA,5,(8/8/17),F,N,8/8/17,2.61,17.6,4,NA,4,6,5,3.2,P,8/14/17,2.61,13.2,4,NA,0,0,3,4.5,F,8/22/17,2.61,13.2,4,NA,20,1,2,4.5,F,8/29/17,2.61,13.2,4,NA,10,3,2,4.5,9/5/17,F,4,0,4,NA,20,1,0,NA,10/1/17,F,5.02,11.5,8,NA,8,5,2,5,NA
LV2 P1 QNA #6,LV2,1,NA,6,(8/8/17),F,N,8/8/17,1.99,8.2,1,NA,5,7,1,2,V,8/14/17,1.99,8.2,NA,NA,0,0,0,NA,NA,8/22/17,1.99,8.2,NA,NA,0,0,0,NA,X,8/29/17,NA,NA,NA,NA,0,0,0,NA,9/5/17,X,NA,NA,NA,NA,0,0,0,NA,10/1/17,X,NA,NA,NA,NA,0,0,0,NA,NA
LV2 P1 QNA #7,LV2,1,NA,7,(8/8/17),V,N,8/8/17,1.34,3.7,2,1.8,0,0,0,NA,V,8/14/17,1.48,3.7,2,1.7,0,0,0,NA,V,8/22/17,1.48,3.7,2,1.9,0,0,0,NA,V,8/29/17,1.48,3.7,2,1.9,0,0,0,NA,9/5/17,V,1.93,4,2,1.9,0,0,0,NA,10/1/17,V,2.71,3,2,2.6,0,0,0,NA,4.8
LV2 P1 QNA #8,LV2,1,NA,8,(8/8/17),V,N,8/8/17,2.15,1.9,1,1.2,0,0,0,NA,V,8/14/17,2.15,1.9,1,1.6,0,0,0,NA,V,8/22/17,2.15,1.9,1,1.6,0,0,0,NA,V,8/29/17,2.15,1.9,1,2.2,0,0,0,NA,9/5/17,V,2.89,3.3,1,2.5,0,0,0,NA,10/1/17,V,4.23,3.5,1,2.9,0,0,0,NA,6
LV2 P1 QNA #8-1,LV2,1,NA,1-Aug,(9/5/17),NA,NA,8/8/17,NA,NA,NA,NA,0,0,0,NA,NA,8/14/17,NA,NA,NA,NA,0,0,0,NA,NA,8/22/17,NA,NA,NA,NA,0,0,0,NA,NA,8/29/17,NA,NA,NA,NA,0,0,0,NA,9/5/17,V,1.79,2.4,1,2.6,0,0,0,NA,10/1/17,V,2.36,3,1,3,0,0,0,NA,6
LV2 P1 QNA #8-2,LV2,1,NA,2-Aug,(9/5/17),NA,NA,8/8/17,NA,NA,NA,NA,0,0,0,NA,NA,8/14/17,NA,NA,NA,NA,0,0,0,NA,NA,8/22/17,NA,NA,NA,NA,0,0,0,NA,NA,8/29/17,NA,NA,NA,NA,0,0,0,NA,9/5/17,V,1.47,2.1,2,2.5,0,0,0,NA,10/1/17,V,1.86,2.5,1,3,0,0,0,NA,5.7
LV2 P1 QNA #8-3,LV2,1,NA,3-Aug,(9/5/17),NA,NA,8/8/17,NA,NA,NA,NA,0,0,0,NA,NA,8/14/17,NA,NA,NA,NA,0,0,0,NA,NA,8/22/17,NA,NA,NA,NA,0,0,0,NA,NA,8/29/17,NA,NA,NA,NA,0,0,0,NA,9/5/17,V,1.65,2,1,2.7,0,0,0,NA,10/1/17,V,1.99,4,2,2.8,0,0,0,NA,5
LV2 P1 QNA #8-4,LV2,1,NA,4-Aug,(9/5/17),NA,NA,8/8/17,NA,NA,NA,NA,0,0,0,NA,NA,8/14/17,NA,NA,NA,NA,0,0,0,NA,NA,8/22/17,NA,NA,NA,NA,0,0,0,NA,NA,8/29/17,NA,NA,NA,NA,0,0,0,NA,9/5/17,V,2.17,2.2,2,1.8,0,0,0,NA,10/1/17,NA,NA,NA,NA,NA,0,0,0,NA,NA
LV2 P1 QNA #9,LV2,1,NA,9,(8/8/17),F,N,8/8/17,2.74,11.1,4,NA,0,2,1,3.4,P,8/14/17,2.74,11.1,4,NA,3,0,3,7.2,P,8/22/17,2.74,11.1,4,NA,8,0,2,7.2,F,8/29/17,2.74,6.2,4,NA,12,7,0,0,9/5/17,B,3.49,6.5,4,NA,5,0,0,NA,10/1/17,P,4.16,8.4,3,NA,0,0,0,NA,NA
LV2 P1 QNA #9-1,LV2,1,NA,1-Sep,(9/5/17),NA,NA,8/8/17,NA,NA,NA,NA,0,0,0,NA,NA,8/14/17,NA,NA,NA,NA,0,0,0,NA,NA,8/22/17,NA,NA,NA,NA,0,0,0,NA,NA,8/29/17,NA,NA,NA,NA,0,0,0,NA,9/5/17,V,2.17,2.9,1,3.6,0,0,0,NA,10/1/17,V,3.19,3,1,4.5,0,0,0,NA,8.7
LV2 P1 QNA #9-2,LV2,1,NA,2-Sep,(9/5/17),NA,NA,8/8/17,NA,NA,NA,NA,0,0,0,NA,NA,8/14/17,NA,NA,NA,NA,0,0,0,NA,NA,8/22/17,NA,NA,NA,NA,0,0,0,NA,NA,8/29/17,NA,NA,NA,NA,0,0,0,NA,9/5/17,V,1.18,3,1,3,0,0,0,NA,10/1/17,V,1.8,5.3,1,3,0,0,0,NA,4.2
LV2 P1 QNA #9-3,LV2,1,NA,3-Sep,(9/5/17),NA,NA,8/8/17,NA,NA,NA,NA,0,0,0,NA,NA,8/14/17,NA,NA,NA,NA,0,0,0,NA,NA,8/22/17,NA,NA,NA,NA,0,0,0,NA,NA,8/29/17,NA,NA,NA,NA,0,0,0,NA,9/5/17,V,1.36,3.2,1,2.8,0,0,0,NA,10/1/17,V,1.59,4.2,1,3.4,0,0,0,NA,5.9
LV2 P1 QNA #9-4,LV2,1,NA,4-Sep,(9/5/17),NA,NA,8/8/17,NA,NA,NA,NA,0,0,0,NA,NA,8/14/17,NA,NA,NA,NA,0,0,0,NA,NA,8/22/17,NA,NA,NA,NA,0,0,0,NA,NA,8/29/17,NA,NA,NA,NA,0,0,0,NA,9/5/17,V,2.54,3,1,3.7,0,0,0,NA,10/1/17,V,3.13,4,1,2.8,0,0,0,NA,8.4
LV2 P1 QNA #10,LV2,1,NA,10,(8/8/17),F,N,8/8/17,1.91,11,1,NA,0,5,1,2.1,B,8/14/17,1.91,1.8,1,NA,2,0,0,NA,B,8/22/17,1.91,1.8,2,NA,6,0,0,NA,F,8/29/17,1.91,1.8,2,NA,5,1,0,NA,9/5/17,F,2.68,7,5,NA,7,1,1,NA,10/1/17,F,3.4,8,5,2.8,5,2,3,4.4,4.6
LV2 P1 QNA #11,LV2,1,NA,11,(8/8/17),V,N,8/8/17,2.04,3.1,1,1.2,0,0,1,2,V,8/14/17,2.04,3.1,1,1.2,0,0,0,NA,V,8/22/17,2.04,3.1,1,1.2,0,0,0,NA,V,8/29/17,0.95,1.4,2,1.3,0,0,0,NA,9/5/17,V,3.43,5.3,3,2.5,0,0,0,NA,10/1/17,V,2.93,6.7,2,2.7,0,0,0,NA,4.4
LV2 P1 QNA #12,LV2,1,NA,12,(8/8/17),V,N,8/8/17,0.95,1.4,1,1.3,0,0,0,NA,V,8/14/17,0.95,1.4,1,1.3,0,0,0,NA,X,8/22/17,NA,NA,NA,NA,0,0,0,NA,X,8/29/17,NA,NA,NA,NA,0,0,0,NA,9/5/17,X,NA,NA,NA,NA,0,0,0,NA,10/1/17,X,NA,NA,NA,NA,0,0,0,NA,NA
LV2 P2 QNA #1,LV2,2,NA,1,(8/8/17),F,N,8/8/17,2.49,19.5,3,NA,4,3,8,6.8,F,8/14/17,2.49,19.5,3,NA,5,2,6,7.1,F,8/22/17,2.49,19.5,3,NA,12,2,10,7.1,F,8/29/17,2.49,19.5,3,NA,13,6,12,7.1,9/5/17,F,2.49,19.5,8,NA,6,3,16,7.1,10/1/17,SX,NA,NA,NA,NA,0,0,0,NA,NA
LV2 P2 QNA #2,LV2,2,NA,2,(8/8/17),P,N,8/8/17,1.66,17.5,2,NA,0,0,4,5,P,8/14/17,1.66,17.5,2,NA,6,0,5,5.6,F,8/22/17,1.66,17.5,2,NA,17,1,5,5.5,F,8/29/17,1.66,17.5,2,NA,19,9,5,5.5,9/5/17,F,1.66,17.5,6,NA,10,6,11,5.5,10/1/17,P,2.19,11.9,2,NA,0,0,2,4.1,NA
LV2 P2 QNA #3,LV2,2,NA,3,(8/8/17),F,N,8/8/17,1.99,15,2,NA,2,2,6,7,F,8/14/17,1.99,15,2,NA,0,1,6,7,P,8/22/17,1.99,15,2,NA,6,0,7,7,F,8/29/17,1.99,15,2,NA,2,3,8,7,9/5/17,F,1.99,15,4,NA,2,2,9,7,10/1/17,S,1.39,15.4,3,NA,0,0,2,4.1,NA
LV2 P2 QNA #4,LV2,2,NA,4,(8/8/17),P,N,8/8/17,1.6,15.1,1,NA,0,0,2,5.4,P,8/14/17,1.6,15.1,1,NA,0,0,2,5.4,P,8/22/17,1.6,15.1,3,NA,4,0,2,5.6,F,8/29/17,1.6,15.1,3,NA,6,1,2,5.6,9/5/17,F,1.6,15.1,3,NA,6,2,4,5.6,10/1/17,SX,NA,NA,NA,NA,0,0,0,NA,NA
LV2 P2 QNA #5,LV2,2,NA,5,(8/8/17),V,N,8/8/17,1.82,3.1,4,1.1,0,0,0,NA,V,8/14/17,1.82,3.4,4,1.1,0,0,0,NA,V,8/22/17,1.82,3.4,4,1.1,0,0,0,NA,V,8/29/17,1.82,3.4,4,1.1,0,0,0,NA,9/5/17,V,2.34,3.4,4,1.1,0,0,0,NA,10/1/17,V,2.34,2.5,3,0.7,0,0,0,NA,2.1
LV2 P2 QNA #6,LV2,2,NA,6,(8/8/17),P,N,8/8/17,2.07,19.3,3,NA,0,0,8,7,P,8/14/17,2.07,19.3,3,NA,0,0,8,7.1,P,8/22/17,2.07,19.3,3,NA,0,0,8,7.1,F,8/29/17,2.07,19.3,3,NA,6,2,8,7.1,9/5/17,F,2.07,19.3,4,NA,4,3,12,7.1,10/1/17,S,2.13,19.5,4,NA,0,0,2,3.9,NA
LV2 P2 QNA #7,LV2,2,NA,7,(8/8/17),P,N,8/8/17,1.96,8,1,NA,0,0,1,4.3,S,8/14/17,1.96,8,1,NA,0,0,1,4.3,P,8/22/17,1.96,8,1,NA,0,0,1,4.3,S,8/29/17,1.96,8,1,NA,0,0,1,4.3,9/5/17,SX,NA,NA,NA,NA,0,0,0,NA,10/1/17,SX,NA,NA,NA,NA,0,0,0,NA,NA
LV2 P2 QNA #8,LV2,2,NA,8,(8/8/17),F,N,8/8/17,1.53,9.3,2,NA,3,3,2,2.5,F,8/14/17,1.53,9.3,3,NA,7,2,2,3.2,P,8/22/17,1.53,9.3,3,NA,5,0,4,3.2,F,8/29/17,1.53,9.3,3,NA,5,3,4,3.2,9/5/17,F,1.53,9.3,3,NA,2,2,4,3.2,10/1/17,S,1.82,8.1,4,0.4,0,0,0,NA,0.8
LV2 P2 QNA #9,LV2,2,NA,9,(8/8/17),F,N,8/8/17,1.44,11.5,4,NA,4,5,2,4.5,F,8/14/17,1.44,11.5,4,NA,4,3,2,4.5,F,8/22/17,1.44,11.5,4,NA,5,1,4,4.5,F,8/29/17,1.44,11.5,4,NA,0,1,5,4.5,9/5/17,P,1.68,11.5,4,NA,0,0,5,5,10/1/17,SX,NA,NA,NA,NA,0,0,0,NA,NA
LV2 P2 QNA #10,LV2,2,NA,10,(8/8/17),P,N,8/8/17,1.91,11,1,NA,0,0,4,5.4,P,8/14/17,1.91,11,1,NA,0,0,4,5.4,P,8/22/17,1.91,11,1,NA,1,0,4,5.4,F,8/29/17,1.91,11,1,NA,0,0,4,5.4,9/5/17,P,1.91,7,3,NA,0,0,0,NA,10/1/17,S,1.85,6.8,3,0.6,0,0,0,NA,1.1
LV2 P2 QNA #11,LV2,2,NA,11,(8/8/17),P,N,8/8/17,2.36,15,1,NA,0,0,4,5.3,P,8/14/17,2.36,15,1,NA,0,0,4,5.6,P,8/22/17,2.36,15,3,NA,5,0,4,5.6,F,8/29/17,2.36,15,3,NA,9,4,4,5.6,9/5/17,F,2.36,15,4,NA,7,3,7,5.6,10/1/17,SX,NA,NA,NA,NA,0,0,0,NA,NA
LV2 P2 QNA #12,LV2,2,NA,12,(8/8/17),F,N,8/8/17,1.96,13,2,NA,16,6,2,3.5,F,8/14/17,1.96,13,2,NA,12,6,3,4.2,F,8/22/17,1.96,13,2,NA,11,6,9,4.2,F,8/29/17,1.96,13,2,NA,6,3,9,5.4,9/5/17,P,1.96,13,2,NA,3,0,6,5.6,10/1/17,S,2,12.8,2,0.6,0,0,0,NA,2
LV2 P2 QNA #13,LV2,2,NA,13,(8/8/17),P,N,8/8/17,1.67,10.9,1,NA,0,0,4,6,P,8/14/17,1.67,10.9,1,NA,0,0,4,6,P,8/22/17,1.67,10.9,1,NA,0,0,4,6,P,8/29/17,1.67,10.9,1,NA,0,0,4,6,9/5/17,S,1.67,10.9,2,NA,0,0,0,NA,10/1/17,S,1.28,7.4,2,1.1,0,0,0,NA,2.4
LV2 P2 QNA #14,LV2,2,NA,14,(8/8/17),V,N,8/8/17,1.22,3.4,1,1.3,0,0,0,NA,V,8/14/17,1.26,3.4,1,1.3,0,0,0,NA,V,8/22/17,1.26,3.4,1,1.3,0,0,0,NA,V,8/29/17,1.28,3.4,1,1.3,0,0,0,NA,9/5/17,V,1.93,3.4,1,1.3,0,0,0,NA,10/1/17,V,2.75,3.9,1,1.3,0,0,0,NA,2.7
LV2 P2 QNA #15,LV2,2,NA,15,(8/8/17),V,N,8/8/17,1.67,4.3,1,1.1,0,0,0,NA,V,8/14/17,1.67,4.3,1,1.1,0,0,0,NA,V,8/22/17,1.67,4.3,1,1.1,0,0,0,NA,V,8/29/17,1.67,4.3,1,1.1,0,0,0,NA,9/5/17,V,2.04,4.3,2,1.3,0,0,0,NA,10/1/17,V,2.16,3.4,1,1.3,0,0,0,NA,2.8
LV2 P2 QNA #16,LV2,2,NA,16,(8/8/17),V,N,8/8/17,1.28,3.5,1,1.3,0,0,0,NA,V,8/14/17,1.28,3.5,1,1.3,0,0,0,NA,V,8/22/17,1.28,3.5,1,1.3,0,0,0,NA,V,8/29/17,1.28,3.5,1,1.3,0,0,0,NA,9/5/17,V,1.93,5.5,1,1.3,0,0,0,NA,10/1/17,V,2.04,3.9,1,1.1,0,0,0,NA,2.8
LV2 P2 QNA #17,LV2,2,NA,17,(8/8/17),P,N,8/8/17,1.7,4,2,NA,0,0,0,NA,P,8/14/17,1.7,4,2,NA,0,0,0,NA,P,8/22/17,1.7,4,2,NA,0,0,0,NA,V,8/29/17,NA,NA,NA,NA,0,0,0,NA,9/5/17,V,1.48,3,2,0.7,0,0,0,NA,10/1/17,V,1.4,4.8,2,0.9,0,0,0,NA,1.6
LV2 P2 QNA #17-1,LV2,2,NA,17-1,(8/22/17),NA,NA,8/8/17,NA,NA,NA,NA,0,0,0,NA,NA,8/14/17,NA,NA,NA,NA,0,0,0,NA,F,8/22/17,2.62,9,4,NA,9,4,2,1.5,F,8/29/17,2.62,9,4,NA,3,2,3,5.1,9/5/17,F,2.62,9,4,NA,2,2,4,5.1,10/1/17,SX,NA,NA,NA,NA,0,0,0,NA,NA
LV2 P2 QNA #18,LV2,2,NA,18,(8/8/17),P,N,8/8/17,1.29,13.8,3,NA,0,0,4,5.1,P,8/14/17,1.29,13.8,3,NA,0,0,4,5.1,P,8/22/17,1.29,13.8,2,NA,0,0,4,5.1,P,8/29/17,1.29,13.8,2,NA,0,0,4,5.1,9/5/17,P,1.93,3.1,2,NA,0,0,0,NA,10/1/17,S,2.1,4,2,0.9,0,0,0,NA,2.7
LV2 P2 QNA #19,LV2,2,NA,19,(8/8/17),P,N,8/8/17,1.62,14.7,2,NA,0,0,5,6.4,P,8/14/17,1.62,14.7,2,NA,0,0,5,6.4,P,8/22/17,1.62,14.7,4,NA,6,0,5,6.4,F,8/29/17,1.62,14.7,4,NA,5,2,2,6.4,9/5/17,F,1.73,10.5,4,NA,6,1,3,3.6,10/1/17,SX,NA,NA,NA,NA,0,0,0,NA,NA
LV2 P2 QNA #20,LV2,2,NA,20,(8/8/17),V,N,8/8/17,1.31,1.5,1,1.1,0,0,0,NA,V,8/14/17,1.31,1.5,1,1.1,0,0,0,NA,V,8/22/17,1.31,1.5,1,1.5,0,0,0,NA,V,8/29/17,1.31,1.7,1,1.5,0,0,0,NA,9/5/17,V,1.93,1.7,1,1.5,0,0,0,NA,10/1/17,V,2.09,2,1,1.8,0,0,0,NA,4.2
LV2 P2 QNA #21,LV2,2,NA,21,(8/8/17),P,N,8/8/17,1.86,7.5,2,NA,2,0,4,2.6,P,8/14/17,1.86,7.5,2,NA,2,0,4,2.9,P,8/22/17,1.86,7.5,2,NA,2,0,4,2.9,F,8/29/17,1.86,7.5,2,NA,0,1,5,2.9,9/5/17,F,1.86,7.5,2,NA,3,1,6,2,10/1/17,S,1.62,6.9,2,0.4,0,0,0,NA,NA
LV2 P2 QNA #22,LV2,2,NA,22,(8/8/17),F,N,8/8/17,1.81,8.6,3,NA,3,1,3,3.1,P,8/14/17,1.81,8.6,3,NA,3,0,3,3.1,P,8/22/17,1.81,8.6,3,NA,6,0,3,3.1,F,8/29/17,1.81,8.6,3,NA,0,1,4,3.1,9/5/17,P,1.81,8.6,3,NA,2,0,0,NA,10/1/17,S,1.94,8.6,3,0.4,0,0,0,NA,1.7
LV2 P2 QNA #23,LV2,2,NA,23,(8/8/17),P,N,8/8/17,1.37,4.5,1,NA,0,0,0,NA,P,8/14/17,1.37,4.5,1,NA,0,0,0,NA,P,8/22/17,1.37,4.5,3,NA,0,0,0,NA,P,8/29/17,1.37,4.5,3,NA,0,0,0,NA,9/5/17,X,NA,NA,NA,NA,0,0,0,NA,10/1/17,SX,NA,NA,NA,NA,0,0,0,NA,NA
LV2 P2 QNA #23-1,LV2,2,NA,23-1,(8/29/17),NA,NA,8/8/17,NA,NA,NA,NA,0,0,0,NA,NA,8/14/17,NA,NA,NA,NA,0,0,0,NA,NA,8/22/17,NA,NA,NA,NA,0,0,0,NA,V,8/29/17,1.9,3.5,3,0.9,0,0,0,NA,9/5/17,V,1.9,3.5,2,0.9,0,0,0,NA,10/1/17,V,2.33,2.7,2,1.1,0,0,0,NA,2.4
LV2 P2 QNA #24,LV2,2,NA,24,(8/8/17),F,N,8/8/17,1.79,7,4,NA,2,2,3,4.4,P,8/14/17,1.79,7,4,NA,5,0,4,3.2,P,8/22/17,1.79,7,4,NA,3,1,4,3.2,F,8/29/17,1.79,7,4,NA,4,1,5,3.2,9/5/17,F,1.79,7,4,NA,3,1,4,3.2,10/1/17,S,1.76,7,4,1.2,0,0,0,NA,2.9
LV2 P2 QNA #25,LV2,2,NA,25,(8/8/17),P,N,8/8/17,0.88,4.1,1,NA,2,0,0,NA,P,8/14/17,0.88,4.1,1,NA,2,0,0,NA,P,8/22/17,0.88,4.1,1,2,0,0,0,NA,F,8/29/17,0.88,4.1,1,NA,4,0,0,NA,9/5/17,F,2.17,7.2,4,NA,3,1,6,3,10/1/17,S,2.13,4.6,3,0.9,0,0,0,NA,1.9
LV2 P2 QNA #26,LV2,2,NA,26,(8/8/17),P,N,8/8/17,1.7,8.5,1,NA,0,0,2,3.9,P,8/14/17,1.7,8.5,1,NA,0,0,2,3.9,P,8/22/17,1.7,8.5,1,NA,0,0,2,3.9,S,8/29/17,1.7,8.5,1,NA,0,0,2,3.9,9/5/17,SX,NA,NA,NA,NA,0,0,0,NA,10/1/17,SX,NA,NA,NA,NA,0,0,0,NA,NA
LV2 P2 QNA #26-1,LV2,2,NA,26-1,(8/29/17),NA,NA,8/8/17,NA,NA,NA,NA,0,0,0,NA,NA,8/14/17,NA,NA,NA,NA,0,0,0,NA,NA,8/22/17,NA,NA,NA,NA,0,0,0,NA,V,8/29/17,1.33,2.9,4,1,0,0,0,NA,9/5/17,V,1.76,2.9,4,1,0,0,0,NA,10/1/17,V,1.43,3.6,see notes,1.1,0,0,0,NA,1.9
LV2 P2 QNA #27,LV2,2,NA,27,(8/8/17),F,N,8/8/17,1.66,6.5,3,NA,1,2,2,1.7,P,8/14/17,1.66,6.5,3,NA,1,0,2,3.2,F,8/22/17,1.66,6.5,3,NA,0,1,3,3.2,P,8/29/17,1.66,6.5,3,NA,0,1,3,3.2,9/5/17,P,1.78,6.5,3,NA,4,0,3,3.4,10/1/17,F,1.74,6.5,3,0.6,0,2,1,0.9,1.1
LV2 P2 QNA #28,LV2,2,NA,28,(8/8/17),V,N,8/8/17,2.94,6.6,1,0.9,0,0,0,NA,V,8/14/17,2.94,6.6,1,0.9,0,0,0,NA,B,8/22/17,2.94,7.5,2,0.9,5,1,0,NA,F,8/29/17,2.94,7.5,2,NA,5,2,2,1,9/5/17,F,2.94,10,1,NA,0,1,3,4,10/1/17,S,3,9.4,3,0.6,0,0,0,NA,1.2
LV2 P2 QNA #29,LV2,2,NA,29,(8/8/17),F,N,8/8/17,1.93,10.7,1,NA,3,1,2,1.6,P,8/14/17,1.93,10.7,1,NA,3,0,3,3.3,P,8/22/17,1.93,10.7,1,NA,3,1,3,3.3,F,8/29/17,1.93,10.7,1,NA,3,1,4,3.5,9/5/17,F,1.93,10,2,NA,2,1,5,3.5,10/1/17,P,1.4,10.1,2,NA,0,0,1,1.2,NA
LV2 P2 QNA #30,LV2,2,NA,30,(8/8/17),F,N,8/8/17,2.53,17.2,3,NA,3,1,4,2.7,F,8/14/17,2.53,17.2,3,NA,2,1,4,3.4,S,8/22/17,2.53,17.2,3,NA,0,0,4,3.4,S,8/29/17,2.53,17.2,3,NA,0,0,4,3.4,9/5/17,SX,NA,NA,NA,NA,0,0,0,NA,10/1/17,SX,NA,NA,NA,NA,0,0,0,NA,NA
LV3 P1 Q0 #1,LV3,1,0,1,(8/8/17),F,N,8/8/17,4.88,21.1,3,NA,14,18,7,6.1,F,8/14/17,5.2,21.1,3,NA,40,4,7,6.1,F,8/22/17,5.2,21.1,3,NA,85,20,10,6.1,F,8/29/17,5.55,21.1,3,NA,103,21,13,6.1,9/5/17,F,7.6,21.1,3,NA,98,17,10,6.1,9/30/17,F,8.45,20,5,NA,16,6,0,NA,NA
LV3 P1 Q0 #1-1,LV3,1,0,1-Jan,(8/22/17),NA,N,8/8/17,NA,NA,NA,NA,0,0,0,NA,NA,8/14/17,NA,NA,NA,NA,0,0,0,NA,V,8/22/17,1.28,2.1,1,1.2,0,0,0,NA,V,8/29/17,1.28,2.1,1,1.2,0,0,0,NA,9/5/17,V,1.28,2.1,1,1.2,0,0,0,NA,9/30/17,V,1.9,5,1,1.2,0,0,0,NA,2.8
LV3 P1 Q0 #1-2,LV3,1,0,2-Jan,(8/22/17),NA,N,8/8/17,NA,NA,NA,NA,0,0,0,NA,NA,8/14/17,NA,NA,NA,NA,0,0,0,NA,V,8/22/17,1.31,3.5,1,1.8,0,0,0,NA,V,8/29/17,1.31,3.5,1,1.8,0,0,0,NA,9/5/17,V,1.31,3.5,1,1.8,0,0,0,NA,9/30/17,V,2.49,5.5,1,2.3,0,0,0,NA,4
LV3 P1 Q0 #1-3,LV3,1,0,3-Jan,(8/22/17),NA,N,8/8/17,NA,NA,NA,NA,0,0,0,NA,NA,8/14/17,NA,NA,NA,NA,0,0,0,NA,V,8/22/17,1.36,2,1,1.4,0,0,0,NA,V,8/29/17,1.36,2,1,1.4,0,0,0,NA,9/5/17,X,NA,NA,NA,NA,0,0,0,NA,9/30/17,D,NA,NA,NA,NA,0,0,0,NA,NA
LV3 P1 Q0 #1-4,LV3,1,0,4-Jan,(8/22/17),NA,N,8/8/17,NA,NA,NA,NA,0,0,0,NA,NA,8/14/17,NA,NA,NA,NA,0,0,0,NA,V,8/22/17,1.11,3.2,1,1.7,0,0,0,NA,V,8/29/17,1.11,3.2,1,1.7,0,0,0,NA,9/5/17,V,1.11,3.2,1,1.7,0,0,0,NA,9/30/17,V,1.15,6.5,1,1.7,0,0,0,NA,3.2
LV3 P1 Q0 #2,LV3,1,0,2,(8/8/17),V,N,8/8/17,1.64,3.5,1,2.5,0,0,0,NA,V,8/14/17,2.01,3.5,1,2.5,0,0,0,NA,V,8/22/17,2.01,3.5,1,2.5,0,0,0,NA,V,8/29/17,2.01,3.5,1,2.5,0,0,0,NA,9/5/17,V,2.01,3.5,1,2.5,0,0,0,NA,9/30/17,V,2.54,13,1,3,0,0,0,NA,6.5
LV3 P1 Q2.5 #2-1,LV3,1,2.5,1-Feb,(8/22/17),NA,N,8/8/17,NA,NA,NA,NA,0,0,0,NA,NA,8/14/17,NA,NA,NA,NA,0,0,0,NA,V,8/22/17,0.95,2.5,1,1.2,0,0,0,NA,V,8/29/17,0.95,2.5,1,1.2,0,0,0,NA,9/5/17,V,0.95,2.5,1,1.2,0,0,0,NA,9/30/17,V,2.9,4.5,1,1.7,0,0,0,NA,3
LV3 P1 Q2.5 #2-2,LV3,1,2.5,2-Feb,(8/22/17),NA,N,8/8/17,NA,NA,NA,NA,0,0,0,NA,NA,8/14/17,NA,NA,NA,NA,0,0,0,NA,V,8/22/17,0.91,2.5,1,1.1,0,0,0,NA,V,8/29/17,0.91,2.5,1,1.1,0,0,0,NA,9/5/17,V,0.91,2.5,1,1.1,0,0,0,NA,9/30/17,D,NA,NA,NA,NA,0,0,0,NA,NA
LV3 P1 Q2.5 #2-3,LV3,1,2.5,3-Feb,(8/22/17),NA,N,8/8/17,NA,NA,NA,NA,0,0,0,NA,NA,8/14/17,NA,NA,NA,NA,0,0,0,NA,V,8/22/17,1.18,1.8,1,1.1,0,0,0,NA,V,8/29/17,1.18,1.8,1,1.1,0,0,0,NA,9/5/17,V,1.18,1.8,1,1.1,0,0,0,NA,9/30/17,V,2.02,2,1,2,0,0,0,NA,3
LV3 P1 Q3 #2-4,LV3,1,3,4-Feb,(8/22/17),NA,N,8/8/17,NA,NA,NA,NA,0,0,0,NA,NA,8/14/17,NA,NA,NA,NA,0,0,0,NA,V,8/22/17,1.14,2.1,1,1.7,0,0,0,NA,V,8/29/17,1.14,2.1,1,1.7,0,0,0,NA,9/5/17,V,1.14,2.1,1,1.7,0,0,0,NA,9/30/17,V,1.66,5,2,1.7,0,0,0,NA,3.5
LV3 P1 Q3 #2-5,LV3,1,3,5-Feb,(8/22/17),NA,N,8/8/17,NA,NA,NA,NA,0,0,0,NA,NA,8/14/17,NA,NA,NA,NA,0,0,0,NA,V,8/22/17,0.76,3,1,1.3,0,0,0,NA,V,8/29/17,0.76,3,1,1.3,0,0,0,NA,9/5/17,V,0.76,3,1,1.3,0,0,0,NA,9/30/17,V,1.57,5,1,1.3,0,0,0,NA,2.5
LV3 P1 Q3 #2-6,LV3,1,3,6-Feb,(8/22/17),NA,N,8/8/17,NA,NA,NA,NA,0,0,0,NA,NA,8/14/17,NA,NA,NA,NA,0,0,0,NA,V,8/22/17,1.16,2,1,1.3,0,0,0,NA,V,8/29/17,1.16,2,1,1.3,0,0,0,NA,9/5/17,V,1.16,2,1,1.3,0,0,0,NA,9/30/17,V,0.85,8,1,1.2,0,0,0,NA,2
LV3 P1 Q3 #2-7,LV3,1,3,7-Feb,(8/22/17),NA,N,8/8/17,NA,NA,NA,NA,0,0,0,NA,NA,8/14/17,NA,NA,NA,NA,0,0,0,NA,V,8/22/17,0.78,3,1,1,0,0,0,NA,V,8/29/17,0.78,3,1,1,0,0,0,NA,9/5/17,V,0.78,3,1,1,0,0,0,NA,9/30/17,V,1.93,4,1,1.7,0,0,0,NA,3.4
LV3 P1 Q3.5 #2-8,LV3,1,3.5,8-Feb,(8/22/17),NA,N,8/8/17,NA,NA,NA,NA,0,0,0,NA,NA,8/14/17,NA,NA,NA,NA,0,0,0,NA,V,8/22/17,0.94,2.3,1,1.1,0,0,0,NA,V,8/29/17,0.94,2.3,1,1.1,0,0,0,NA,9/5/17,V,0.94,2.3,1,1.1,0,0,0,NA,9/30/17,V,2.08,5,1,1.9,0,0,0,NA,3
LV3 P1 Q4 #3,LV3,1,4,3,(8/8/17),P,N,8/8/17,1.6,11.9,1,NA,0,0,1,2.8,P,8/14/17,1.4,11.9,1,NA,0,0,1,2.8,P,8/22/17,1.4,11.9,1,NA,0,0,1,2.8,SX,8/29/17,NA,NA,NA,NA,0,0,0,NA,9/5/17,SX,NA,NA,NA,NA,0,0,0,NA,9/30/17,SX,NA,NA,NA,NA,0,0,0,NA,NA
LV3 P1 Q4 #3-1,LV3,1,4,1-Mar,(8/22/17),NA,NA,8/8/17,NA,NA,NA,NA,0,0,0,NA,NA,8/14/17,NA,NA,NA,NA,0,0,0,NA,V,8/22/17,1.01,4.2,1,1.1,0,0,0,NA,V,8/29/17,1.01,4.2,1,1.1,0,0,0,NA,9/5/17,V,1.01,4.2,1,1.1,0,0,0,NA,9/30/17,V,1.99,5,1,1.5,0,0,0,NA,3
LV3 P2 QNA #1,LV3,2,NA,1,(8/8/17),P,N,8/8/17,2.19,10.6,3,NA,0,0,6,5.4,P,8/14/17,2.19,10.6,3,NA,0,0,6,5.4,P,8/22/17,2.19,10.6,3,NA,0,0,6,5.4,B,8/29/17,2.19,10.6,3,NA,4,0,6,5.4,9/5/17,P,3.03,10.6,3,NA,0,0,6,5.4,NA,SX,NA,NA,NA,NA,0,0,0,NA,NA
LV3 P2 QNA #2,LV3,2,NA,2,(8/8/17),V,N,8/8/17,2.59,3.1,3,1.9,0,0,0,NA,V,8/14/17,2.78,3.4,3,2.1,0,0,0,NA,V,8/22/17,2.78,3.7,3,2.1,0,0,0,NA,V,8/29/17,2.78,3.7,3,2.1,0,0,0,NA,9/5/17,X,NA,NA,NA,NA,0,0,0,NA,NA,SX,NA,NA,NA,NA,0,0,0,NA,NA
LV3 P2 QNA #3,LV3,2,NA,3,(8/8/17),F,N,8/8/17,2.93,15,3,NA,7,2,2,8,F,8/14/17,2.93,15,3,NA,9,4,2,8,F,8/22/17,2.93,11,6,NA,6,4,7,8,F,8/29/17,2.93,11,6,NA,2,3,9,8,9/5/17,P,2.93,13,6,NA,0,0,11,8,NA,S,4.53,14,4,1.5,0,0,6,7.8,3.4
LV3 P2 QNA #4,LV3,2,NA,4,(8/8/17),P,N,8/8/17,2.32,10.5,1,NA,0,0,5,7.5,P,8/14/17,2.32,13,1,NA,0,0,5,7.5,P,8/22/17,2.32,13,4,NA,0,0,5,7.5,P,8/29/17,2.32,13,6,NA,0,0,5,7.5,9/5/17,S,2.35,13,6,NA,0,0,5,7.5,NA,S,3.42,13,6,1.8,0,0,6,NA,3.4
LV3 P2 QNA #5,LV3,2,NA,5,(8/8/17),V,N,8/8/17,2.35,2.5,2,1.3,0,0,0,NA,V,8/14/17,2.35,2.7,2,1.6,0,0,0,NA,V,8/22/17,2.35,2.7,2,1.6,0,0,0,NA,V,8/29/17,2.35,2.7,2,2.1,0,0,0,NA,9/5/17,V,2.35,3.5,2,2.1,0,0,0,NA,NA,V,3.16,10,2,1.9,0,0,0,NA,4.3
LV3 P2 QNA #6,LV3,2,NA,6,(8/8/17),F,N,8/8/17,3.37,22,8,NA,8,6,1,5.5,F,8/14/17,3.37,22,8,NA,7,8,0,NA,P,8/22/17,3.37,22,8,NA,6,0,6,4.7,F,8/29/17,3.37,22,8,NA,4,3,0,NA,9/5/17,F,3.37,22,8,NA,1,2,1,1,NA,SX,NA,NA,NA,NA,0,0,0,NA,NA
LV3 P2 QNA #7,LV3,2,NA,7,(8/8/17),P,N,8/8/17,3.66,18.5,5,NA,4,0,3,7.4,F,8/14/17,3.66,18.5,5,NA,3,1,3,7.4,F,8/22/17,3.66,18.5,5,NA,9,2,5,7.4,F,8/29/17,3.66,18.5,5,NA,4,3,6,7.4,9/5/17,SX,NA,NA,NA,NA,0,0,0,NA,NA,SX,NA,NA,NA,NA,0,0,0,NA,NA
LV3 P2 QNA #8,LV3,2,NA,8,(8/8/17),P,N,8/8/17,2.02,7.5,1,NA,0,0,3,2.1,P,8/14/17,2.44,7.5,1,NA,0,0,3,4.6,P,8/22/17,2.44,7.5,1,NA,0,0,3,5.2,P,8/29/17,2.44,7.5,1,NA,0,0,3,5.1,9/5/17,SX,NA,NA,NA,NA,0,0,0,NA,NA,SX,NA,NA,NA,NA,0,0,0,NA,NA
LV3 P2 QNA #9,LV3,2,NA,9,(8/8/17),P,N,8/8/17,5.96,18.8,4,NA,0,0,20,7.2,P,8/14/17,5.96,18.8,4,NA,0,0,20,7.2,F,8/22/17,5.96,18.8,4,NA,10,2,20,7.2,SX,8/29/17,NA,NA,NA,NA,0,0,0,NA,9/5/17,SX,NA,NA,NA,NA,0,0,0,NA,NA,SX,NA,NA,NA,NA,0,0,0,NA,NA
LV3 P2 QNA #10,LV3,2,NA,10,(8/8/17),P,N,8/8/17,2.78,14.5,2,NA,0,0,6,7.5,P,8/14/17,2.78,14.5,2,NA,0,0,6,7.5,F,8/22/17,2.78,14.5,4,NA,2,1,6,7.5,F,8/29/17,2.78,14.5,4,NA,5,1,7,7.5,9/5/17,F,2.78,14.5,4,NA,4,2,5,7.5,NA,F,3.6,12.7,3,1.4,2,1,6,5.5,1.7
LV3 P2 QNA #11,LV3,2,NA,11,(8/8/17),V,N,8/8/17,1.93,3.5,1,2.1,0,0,0,NA,V,8/14/17,2.04,4,1,2.1,0,0,0,NA,V,8/22/17,2.04,4,1,2.1,0,0,0,NA,V,8/29/17,2.04,4,1,2.1,0,0,0,NA,9/5/17,V,2.04,4,1,2.1,0,0,0,NA,NA,SX,NA,NA,NA,NA,0,0,0,NA,NA
LV3 P2 QNA #12,LV3,2,NA,12,(8/8/17),F,N,8/8/17,4.92,13.1,5,NA,12,2,3,5.4,F,8/14/17,4.92,14.3,5,NA,18,4,3,5.4,F,8/22/17,4.92,14.3,5,NA,17,9,10,5,F,8/29/17,4.92,14.3,5,NA,17,8,11,5,9/5/17,F,4.92,14.3,5,NA,5,3,14,5,NA,P,5.73,13.5,4,0.8,0,0,12,5,1.8
LV3 P2 QNA #13,LV3,2,NA,13,(8/8/17),F,N,8/8/17,4.44,15.7,5,NA,7,19,17,5.6,F,8/14/17,4.44,15.7,5,NA,5,14,15,5.6,F,8/22/17,4.44,15.7,5,NA,44,4,20,5.6,F,8/29/17,4.44,15.7,5,NA,26,30,16,5.6,9/5/17,SX,NA,NA,NA,NA,0,0,0,NA,NA,SX,NA,NA,NA,NA,0,0,0,NA,NA
LV3 P2 QNA #14,LV3,2,NA,14,(8/8/17),F,N,8/8/17,3.28,9,3,NA,2,1,1,6.5,P,8/14/17,3.28,9,3,NA,0,0,1,6.5,S,8/22/17,3.28,9,3,NA,0,0,1,6.5,SX,8/29/17,NA,NA,NA,NA,0,0,0,NA,9/5/17,SX,NA,NA,NA,NA,0,0,0,NA,NA,SX,NA,NA,NA,NA,0,0,0,NA,NA
LV3 P2 QNA #15,LV3,2,NA,15,(8/8/17),B,N,8/8/17,3.17,8.5,5,NA,12,0,0,NA,F,8/14/17,3.17,8.5,5,NA,9,5,0,NA,F,8/22/17,3.6,10.5,5,NA,7,6,5,6.5,F,8/29/17,3.6,10.5,5,NA,5,3,5,7,9/5/17,F,3.6,13,5,NA,6,1,6,7,NA,SX,NA,NA,NA,NA,0,0,0,NA,NA
LV3 P2 QNA #16,LV3,2,NA,16,(8/8/17),F,N,8/8/17,3.32,11.2,5,NA,2,3,0,NA,P,8/14/17,3.32,11.2,5,NA,1,0,1,0.5,P,8/22/17,3.32,11.2,5,NA,9,0,0,NA,F,8/29/17,3.32,11.2,5,NA,6,1,0,NA,9/5/17,F,3.32,11.2,5,NA,5,1,0,NA,NA,SX,NA,NA,NA,NA,0,0,0,NA,NA
LV3 P2 QNA #17,LV3,2,NA,17,(8/8/17),P,N,8/8/17,2.01,7.5,1,NA,0,0,1,5,P,8/14/17,2.01,7.5,1,NA,0,0,1,5,S,8/22/17,2.01,7.5,1,NA,0,0,1,5,S,8/29/17,2.01,7.5,1,NA,0,0,1,5,9/5/17,S,2.01,7.5,1,NA,0,0,1,5,NA,SX,NA,NA,NA,NA,0,0,0,NA,NA
LV3 P2 QNA #18,LV3,2,NA,18,(8/8/17),P,N,8/8/17,2.95,9.3,2,NA,0,0,0,NA,P,8/14/17,2.95,9.3,2,NA,0,0,0,NA,P,8/22/17,2.95,9.3,2,NA,0,0,0,NA,S,8/29/17,2.95,9.3,2,NA,0,0,0,NA,9/5/17,S,2.95,9.3,2,NA,0,0,0,NA,NA,SX,NA,NA,NA,NA,0,0,0,NA,NA
LV3 P2 QNA #19,LV3,2,NA,19,(8/8/17),P,N,8/8/17,3.41,10.9,1,NA,0,0,2,5.5,P,8/14/17,3.41,10.9,1,NA,0,0,2,5.5,P,8/22/17,3.41,10.9,1,NA,5,0,2,5.5,F,8/29/17,3.41,10.9,1,NA,6,1,2,5.5,9/5/17,F,1.94,10.9,4,NA,4,3,5,5.5,NA,S,3.64,10.5,4,NA,0,0,0,NA,NA
LV3 P2 QNA #20,LV3,2,NA,20,(8/8/17),P,N,8/8/17,4.04,13.5,6,NA,0,0,3,4.6,P,8/14/17,4.04,13.5,6,NA,0,0,4,4.6,P,8/22/17,4.04,13.5,6,NA,3,0,3,4.6,SX,8/29/17,NA,NA,NA,NA,0,0,0,NA,9/5/17,SX,NA,NA,NA,NA,0,0,0,NA,NA,SX,NA,NA,NA,NA,0,0,0,NA,NA
LV3 P2 QNA #21,LV3,2,NA,21,(8/8/17),P,N,8/8/17,5.14,25,5,NA,2,0,7,8.6,P,8/14/17,5.14,25,5,NA,0,0,6,8.6,F,8/22/17,5.14,25,5,NA,21,1,6,8.6,F,8/29/17,5.14,25,5,NA,16,1,7,8.6,9/5/17,F,5.14,25,5,NA,8,4,22,8.6,NA,SX,NA,NA,NA,NA,0,0,0,NA,NA
LV3 P2 QNA #22,LV3,2,NA,22,(8/8/17),F,N,8/8/17,5.89,20.2,8,NA,26,30,3,7.5,F,8/14/17,5.89,20.2,8,NA,34,22,20,7.5,F,8/22/17,5.89,20.2,8,NA,52,7,32,7.1,F,8/29/17,5.89,20.2,8,NA,22,17,46,7.1,9/5/17,F,5.89,20.2,8,NA,8,1,55,7.1,NA,SX,NA,NA,NA,NA,0,0,0,NA,NA
LV3 P2 QNA #23,LV3,2,NA,23,(8/8/17),P,N,8/8/17,2.29,11,3,NA,0,0,2,4.4,P,8/14/17,2.29,11,2,NA,0,0,2,4.4,P,8/22/17,2.29,11,2,NA,0,0,2,4.4,P,8/29/17,2.29,11,3,NA,0,0,2,4.4,9/5/17,P,2.29,11,3,NA,0,0,2,4.4,NA,S,3.43,12.1,3,1,0,0,0,NA,NA
LV3 P2 QNA #24,LV3,2,NA,24,(8/8/17),F,N,8/8/17,4.13,15.2,5,NA,0,2,2,7.6,P,8/14/17,4.13,15.2,5,NA,4,0,3,7.6,F,8/22/17,4.13,15.2,5,NA,19,3,3,7.6,F,8/29/17,4.13,15.2,5,NA,15,8,8,7.6,9/5/17,F,4.13,15.2,5,NA,11,5,19,7.6,NA,F,4.8,14,7,1.8,4,1,11,6.5,3.2
LV3 P2 QNA #25,LV3,2,NA,25,(8/8/17),F,N,8/8/17,3.62,12.3,3,NA,0,1,5,4.6,P,8/14/17,3.62,12.3,3,NA,0,0,5,4.6,P,8/22/17,3.62,12.3,3,NA,13,0,3,4.6,P,8/29/17,3.62,12.3,3,NA,4,0,3,4.6,9/5/17,P,3.62,12.3,3,NA,5,0,3,4.6,NA,SX,NA,NA,NA,NA,0,0,0,NA,NA
LV3 P2 QNA #26,LV3,2,NA,26,(8/8/17),F,N,8/8/17,2.39,15,5,NA,3,1,3,6.8,P,8/14/17,2.39,15,5,NA,3,0,5,6.8,P,8/22/17,2.39,15,5,NA,6,0,3,6.8,F,8/29/17,2.39,15,5,NA,11,2,3,6.8,9/5/17,F,2.39,15,5,NA,7,2,5,6.8,NA,SX,NA,NA,NA,NA,0,0,0,NA,NA
LV3 P2 QNA #27,LV3,2,NA,27,(8/8/17),F,N,8/8/17,1.79,16.5,2,NA,3,1,1,7.7,F,8/14/17,1.79,16.5,2,NA,3,2,1,7.7,F,8/22/17,1.79,16.5,2,NA,3,2,2,7.7,F,8/29/17,1.79,16.5,2,NA,1,2,4,7.7,9/5/17,F,1.79,16.5,3,NA,2,1,5,7.7,NA,SX,NA,NA,NA,NA,0,0,0,NA,NA
LV3 P2 QNA #28,LV3,2,NA,28,(8/8/17),F,N,8/8/17,5.18,17,9,NA,33,16,3,7.2,F,8/14/17,5.18,10.5,9,NA,8,3,2,0.4,F,8/22/17,5.18,10.5,9,NA,9,2,2,3.4,F,8/29/17,5.18,10.5,9,NA,0,0,2,3.6,9/5/17,SX,NA,NA,NA,NA,0,0,0,NA,NA,SX,NA,NA,NA,NA,0,0,0,NA,NA
LV3 P2 QNA #29,LV3,2,NA,29,(8/8/17),F,N,8/8/17,3.97,14,6,NA,22,17,9,3.1,F,8/14/17,3.97,14,6,NA,0,1,1,0.5,P,8/22/17,3.97,14,6,NA,4,0,1,0.4,P,8/29/17,3.97,14,6,NA,0,0,0,NA,9/5/17,SX,NA,NA,NA,NA,0,0,0,NA,NA,SX,NA,NA,NA,NA,0,0,0,NA,NA
LV3 P2 QNA #30,LV3,2,NA,30,(8/8/17),F,N,8/8/17,3.48,14,4,NA,5,3,5,1.6,F,8/14/17,3.48,14,4,NA,5,1,5,4.1,P,8/22/17,3.48,14,4,NA,4,0,4,4.4,P,8/29/17,3.48,14,4,NA,3,0,4,4.4,9/5/17,SX,NA,NA,NA,NA,0,0,0,NA,NA,SX,NA,NA,NA,NA,0,0,0,NA,NA
LV3 P2 QNA #30-1,LV3,2,NA,30-1,NA,NA,NA,8/8/17,NA,NA,NA,NA,0,0,0,NA,NA,8/14/17,NA,NA,NA,NA,0,0,0,NA,NA,8/22/17,NA,NA,NA,NA,0,0,0,NA,NA,8/29/17,NA,NA,NA,NA,0,0,0,NA,9/5/17,F,5.01,20.5,6,NA,17,1,21,6.2,NA,X,NA,NA,NA,NA,0,0,0,NA,NA
LV3 P2 QNA #31,LV3,2,NA,31,(8/8/17),F,N,8/8/17,5.01,20.5,6,NA,15,7,6,6.2,F,8/14/17,5.01,20.5,6,NA,15,6,12,6.2,F,8/22/17,5.01,20.5,6,NA,37,8,14,6.2,F,8/29/17,5.01,20.5,6,NA,28,12,19,6.2,9/5/17,V,3.34,4.5,1,3.1,0,0,0,NA,NA,SX,NA,NA,NA,NA,0,0,0,NA,NA
LV3 P2 QNA #31-1,LV3,2,NA,31-1,(8/29/17),NA,NA,8/8/17,NA,NA,NA,NA,0,0,0,NA,NA,8/14/17,NA,NA,NA,NA,0,0,0,NA,NA,8/22/17,NA,NA,NA,NA,0,0,0,NA,V,8/29/17,3.34,4.5,1,3.1,0,0,0,NA,9/5/17,NA,NA,NA,NA,NA,0,0,0,NA,NA,NA,NA,NA,NA,NA,0,0,0,NA,NA
LV3 P2 QNA #32,LV3,2,NA,32,(8/8/17),F,N,8/8/17,2.47,9.5,5,NA,7,1,3,5.7,F,8/14/17,2.47,9.5,5,NA,3,2,4,5.7,F,8/22/17,2.47,9.5,5,NA,11,2,5,5.7,F,8/29/17,2.47,9.5,5,NA,10,6,5,5.7,9/5/17,F,2.47,9.5,5,NA,16,5,11,5.7,NA,F,4.57,13,5,1.5,7,3,13,6.5,1.6
LV3 P2 QNA #33,LV3,2,NA,33,(8/8/17),P,N,8/8/17,2.83,13.2,1,NA,0,0,5,11.3,S,8/14/17,2.83,13.2,1,NA,0,0,4,4.3,SX,8/22/17,NA,NA,NA,NA,0,0,0,NA,SX,8/29/17,NA,NA,NA,NA,0,0,0,NA,9/5/17,SX,NA,NA,NA,NA,0,0,0,NA,NA,SX,NA,NA,NA,NA,0,0,0,NA,NA
LV3 P2 QNA #34,LV3,2,NA,34,(8/8/17),F,N,8/8/17,5.39,20.5,4,NA,9,10,6,7.8,F,8/14/17,5.39,20.5,4,NA,15,6,7,7.8,F,8/22/17,5.39,20.5,4,NA,14,8,14,7.8,F,8/29/17,5.39,20.5,4,NA,3,4,7,7.8,9/5/17,SX,NA,NA,NA,NA,0,0,0,NA,NA,SX,NA,NA,NA,NA,0,0,0,NA,NA