site,plot,quad,ind,uniqueID,emerg.date,date.1,phen.1,stem.diam.1,height.1,total.branch.1,longest.leaf.1,buds_06-30-18,flrs_06-30-18,fruits_06-30-18,longest.fruit.1,canopy.width.largest.rosette.1,date.3,phen.3,stem.diam.3,height.3,total.branch.3,longest.leaf.3,buds_07-18-18,flrs_07-18-18,fruits_07-18-18,longest.fruit.3,date.5,phen.5,stem.diam.5,height.5,total.branch.5,longest.leaf.5,buds_08-05-18,flrs_08-05-18,fruits_08-05-18,longest.fruit.5,date.7,phen.7,height.7,total.branch.7,longest.leaf.7,buds_08-27-18,flrs_08-27-18,fruits_08-27-18,longest.fruit.7
LV1,1,NA,1,LV1 P1 QNA #1,2017,6/30/18,V,NA,4.1,2,0.5,0,0,0,NA,1.1,7/18/18,F,NA,8.6,2,NA,16,1,0,NA,8/5/18,B,3.22,4.6,4,NA,10,0,0,NA,8/27/18,F,3,3,NA,6,2,0,NA
LV1,1,NA,1-1,LV1 P1 QNA #1-1,2017,6/30/18,V,NA,1.2,1,1,0,0,0,NA,1.9,7/18/18,F,NA,3.1,1,NA,9,3,0,NA,8/5/18,B,2.34,3.5,3,NA,16,0,0,NA,8/27/18,X,NA,NA,NA,0,0,0,NA
LV1,1,NA,1-2,LV1 P1 QNA #1-2,2017,6/30/18,D,NA,NA,NA,NA,0,0,0,NA,NA,7/18/18,NA,NA,NA,NA,NA,0,0,0,NA,8/5/18,NA,NA,NA,NA,NA,0,0,0,NA,8/27/18,NA,NA,NA,NA,0,0,0,NA
LV1,1,NA,2,LV1 P1 QNA #2,2017,6/30/18,D,NA,NA,NA,NA,0,0,0,NA,NA,7/18/18,NA,NA,NA,NA,NA,0,0,0,NA,8/5/18,NA,NA,NA,NA,NA,0,0,0,NA,8/27/18,NA,NA,NA,NA,0,0,0,NA
LV1,1,NA,3,LV1 P1 QNA #3,2017,6/30/18,D,NA,NA,NA,NA,0,0,0,NA,NA,7/18/18,NA,NA,NA,NA,NA,0,0,0,NA,8/5/18,NA,NA,NA,NA,NA,0,0,0,NA,8/27/18,NA,NA,NA,NA,0,0,0,NA
LV1,1,NA,4,LV1 P1 QNA #4,2017,6/30/18,D,NA,NA,NA,NA,0,0,0,NA,NA,7/18/18,NA,NA,NA,NA,NA,0,0,0,NA,8/5/18,NA,NA,NA,NA,NA,0,0,0,NA,8/27/18,NA,NA,NA,NA,0,0,0,NA
LV1,1,NA,5,LV1 P1 QNA #5,2017,6/30/18,D,NA,NA,NA,NA,0,0,0,NA,NA,7/18/18,NA,NA,NA,NA,NA,0,0,0,NA,8/5/18,NA,NA,NA,NA,NA,0,0,0,NA,8/27/18,NA,NA,NA,NA,0,0,0,NA
LV1,1,NA,6,LV1 P1 QNA #6,2017,6/30/18,D,NA,NA,NA,NA,0,0,0,NA,NA,7/18/18,NA,NA,NA,NA,NA,0,0,0,NA,8/5/18,NA,NA,NA,NA,NA,0,0,0,NA,8/27/18,NA,NA,NA,NA,0,0,0,NA
LV1,1,NA,6-1,LV1 P1 QNA #6-1,2017,6/30/18,D,NA,NA,NA,NA,0,0,0,NA,NA,7/18/18,NA,NA,NA,NA,NA,0,0,0,NA,8/5/18,NA,NA,NA,NA,NA,0,0,0,NA,8/27/18,NA,NA,NA,NA,0,0,0,NA
LV1,1,NA,7,LV1 P1 QNA #7,2017,6/30/18,D,NA,NA,NA,NA,0,0,0,NA,NA,7/18/18,NA,NA,NA,NA,NA,0,0,0,NA,8/5/18,NA,NA,NA,NA,NA,0,0,0,NA,8/27/18,NA,NA,NA,NA,0,0,0,NA
LV1,1,NA,8,LV1 P1 QNA #8,2017,6/30/18,D,NA,NA,NA,NA,0,0,0,NA,NA,7/18/18,NA,NA,NA,NA,NA,0,0,0,NA,8/5/18,NA,NA,NA,NA,NA,0,0,0,NA,8/27/18,NA,NA,NA,NA,0,0,0,NA
LV1,1,NA,8-1,LV1 P1 QNA #8-1,2017,6/30/18,NA,NA,NA,NA,NA,0,0,0,NA,NA,7/18/18,NA,NA,NA,NA,NA,0,0,0,NA,8/5/18,NA,NA,NA,NA,NA,0,0,0,NA,8/27/18,NA,NA,NA,NA,0,0,0,NA
LV1,1,NA,9,LV1 P1 QNA #9,2017,6/30/18,D,NA,NA,NA,NA,0,0,0,NA,NA,7/18/18,NA,NA,NA,NA,NA,0,0,0,NA,8/5/18,NA,NA,NA,NA,NA,0,0,0,NA,8/27/18,NA,NA,NA,NA,0,0,0,NA
LV1,1,NA,10,LV1 P1 QNA #10,2017,6/30/18,NA,NA,NA,NA,NA,0,0,0,NA,NA,7/18/18,NA,NA,NA,NA,NA,0,0,0,NA,8/5/18,NA,NA,NA,NA,NA,0,0,0,NA,8/27/18,NA,NA,NA,NA,0,0,0,NA
LV1,1,NA,11,LV1 P1 QNA #11,2017,6/30/18,D,NA,NA,NA,NA,0,0,0,NA,NA,7/18/18,NA,NA,NA,NA,NA,0,0,0,NA,8/5/18,NA,NA,NA,NA,NA,0,0,0,NA,8/27/18,NA,NA,NA,NA,0,0,0,NA
LV1,1,NA,12,LV1 P1 QNA #12,2017,6/30/18,D,NA,NA,NA,NA,0,0,0,NA,NA,7/18/18,NA,NA,NA,NA,NA,0,0,0,NA,8/5/18,NA,NA,NA,NA,NA,0,0,0,NA,8/27/18,NA,NA,NA,NA,0,0,0,NA
LV1,1,NA,13,LV1 P1 QNA #13,2017,6/30/18,D,NA,NA,NA,NA,0,0,0,NA,NA,7/18/18,NA,NA,NA,NA,NA,0,0,0,NA,8/5/18,NA,NA,NA,NA,NA,0,0,0,NA,8/27/18,NA,NA,NA,NA,0,0,0,NA
LV1,1,NA,13-1,LV1 P1 QNA #13-1,2017,6/30/18,D,NA,NA,NA,NA,0,0,0,NA,NA,7/18/18,F,NA,16.2,1,NA,4,5,7,NA,8/5/18,P,2.69,17.5,1,NA,0,0,7,6.4,8/27/18,S,19.5,1,NA,0,0,7,NA
LV1,1,NA,13-2,LV1 P1 QNA #13-2,7/18/18,6/30/18,NA,NA,NA,NA,NA,0,0,0,NA,NA,7/18/18,V,NA,3.6,1,1,0,0,0,NA,8/5/18,V,1.69,2.6,1,1.1,0,0,0,NA,8/27/18,V,5.5,1,1.2,0,0,0,NA
LV1,1,NA,14,LV1 P1 QNA #14,2017,6/30/18,D,NA,NA,NA,NA,0,0,0,NA,NA,7/18/18,NA,NA,NA,NA,NA,0,0,0,NA,8/5/18,NA,NA,NA,NA,NA,0,0,0,NA,8/27/18,NA,NA,NA,NA,0,0,0,NA
LV1,1,NA,15,LV1 P1 QNA #15,2017,6/30/18,D,NA,NA,NA,NA,0,0,0,NA,NA,7/18/18,NA,NA,NA,NA,NA,0,0,0,NA,8/5/18,NA,NA,NA,NA,NA,0,0,0,NA,8/27/18,NA,NA,NA,NA,0,0,0,NA
LV1,1,NA,16,LV1 P1 QNA #16,2017,6/30/18,D,NA,NA,NA,NA,0,0,0,NA,NA,7/18/18,NA,NA,NA,NA,NA,0,0,0,NA,8/5/18,NA,NA,NA,NA,NA,0,0,0,NA,8/27/18,NA,NA,NA,NA,0,0,0,NA
LV1,1,NA,17,LV1 P1 QNA #17,2017,6/30/18,D,NA,NA,NA,NA,0,0,0,NA,NA,7/18/18,NA,NA,NA,NA,NA,0,0,0,NA,8/5/18,NA,NA,NA,NA,NA,0,0,0,NA,8/27/18,NA,NA,NA,NA,0,0,0,NA
LV1,1,NA,18,LV1 P1 QNA #18,2017,6/30/18,D,NA,NA,NA,NA,0,0,0,NA,NA,7/18/18,NA,NA,NA,NA,NA,0,0,0,NA,8/5/18,NA,NA,NA,NA,NA,0,0,0,NA,8/27/18,NA,NA,NA,NA,0,0,0,NA
LV1,1,NA,19,LV1 P1 QNA #19,2017,6/30/18,D,NA,NA,NA,NA,0,0,0,NA,NA,7/18/18,NA,NA,NA,NA,NA,0,0,0,NA,8/5/18,NA,NA,NA,NA,NA,0,0,0,NA,8/27/18,NA,NA,NA,NA,0,0,0,NA
LV1,1,NA,19-1,LV1 P1 QNA #19-1,2017,6/30/18,B,NA,3.75,1,NA,11,0,0,NA,NA,7/18/18,F,NA,19,2,NA,8,8,13,NA,8/5/18,P,2.88,11.5,2,NA,0,0,5,5.6,8/27/18,S,11,2,NA,0,0,4,NA
LV1,1,NA,19-1-1,LV1 P1 QNA #19-1-1,7/18/18,6/30/18,NA,NA,NA,NA,NA,0,0,0,NA,NA,7/18/18,V,NA,2.5,1,1,0,0,0,NA,8/5/18,V,1.73,2.2,1,1.4,0,0,0,NA,8/27/18,V,2.4,1,1.3,0,0,0,NA
LV1,1,NA,19-1-2,LV1 P1 QNA #19-1-2,7/18/18,6/30/18,NA,NA,NA,NA,NA,0,0,0,NA,NA,7/18/18,F,NA,8.2,1,NA,4,2,2,NA,8/5/18,P,2.03,9,1,NA,0,0,2,4.8,8/27/18,SX,NA,NA,NA,0,0,0,NA
LV1,1,NA,19-1-3,LV1 P1 QNA #19-1-3,7/18/18,6/30/18,NA,NA,NA,NA,NA,0,0,0,NA,NA,7/18/18,F,NA,4,1,NA,2,0,2,NA,8/5/18,P,1.55,6.1,1,NA,0,0,2,6.6,8/27/18,SX,NA,NA,NA,0,0,0,NA
LV1,1,NA,19-1-4,LV1 P1 QNA #19-1-4,7/18/18,6/30/18,NA,NA,NA,NA,NA,0,0,0,NA,NA,7/18/18,V,NA,1.6,1,0.6,0,0,0,NA,8/5/18,V,1.26,2.4,1,1,0,0,0,NA,8/27/18,V,3.3,1,1,0,0,0,NA
LV1,1,NA,19-1-5,LV1 P1 QNA #19-1-5,7/18/18,6/30/18,NA,NA,NA,NA,NA,0,0,0,NA,NA,7/18/18,B,NA,3.3,1,NA,6,0,0,NA,8/5/18,P,1.77,4.8,1,NA,0,0,2,6.3,8/27/18,P,4.5,1,NA,0,0,2,NA
LV1,1,NA,19-2,LV1 P1 QNA #19-2,2017 (5V),6/30/18,B,NA,3.75,1,NA,10,0,0,NA,NA,7/18/18,F,NA,18.1,4,NA,11,16,19,NA,8/5/18,F,4.82,10.5,6,NA,20,9,0,NA,8/27/18,P,12.5,6,NA,0,0,11,NA
LV1,1,NA,19-3,LV1 P1 QNA #19-3,7/18/18,6/30/18,NA,NA,NA,NA,NA,0,0,0,NA,NA,7/18/18,V,NA,2.1,1,1.1,0,0,0,NA,8/5/18,V,1.55,2.5,1,1.1,0,0,0,NA,8/27/18,V,3.5,1,10,0,0,0,NA
LV1,1,NA,19-4,LV1 P1 QNA #19-4,7/18/18,6/30/18,NA,NA,NA,NA,NA,0,0,0,NA,NA,7/18/18,F,NA,12.1,1,NA,4,4,6,NA,8/5/18,P,1.88,13.2,1,NA,0,0,5,5.9,8/27/18,SX,NA,NA,NA,0,0,0,NA
LV1,1,NA,19-5,LV1 P1 QNA #19-5,7/18/18,6/30/18,NA,NA,NA,NA,NA,0,0,0,NA,NA,7/18/18,V,NA,1.2,1,1.4,0,0,0,NA,8/5/18,V,1.48,2.1,1,1.3,0,0,0,NA,8/27/18,V,1.7,1,1.4,0,0,0,NA
LV1,1,NA,19-6,LV1 P1 QNA #19-6,7/18/18,6/30/18,NA,NA,NA,NA,NA,0,0,0,NA,NA,7/18/18,F,NA,17.6,1,NA,5,6,9,NA,8/5/18,P,2.3,16.3,1,NA,0,0,7,7.1,8/27/18,SX,NA,NA,NA,0,0,0,NA
LV1,1,NA,19-7,LV1 P1 QNA #19-7,7/18/18,6/30/18,NA,NA,NA,NA,NA,0,0,0,NA,NA,7/18/18,F,NA,17.1,1,NA,5,5,7,NA,8/5/18,P,2.06,17.7,1,NA,0,0,7,7,8/27/18,SX,NA,NA,NA,0,0,0,NA
LV1,1,NA,20,LV1 P1 QNA #20,2017,6/30/18,D,NA,NA,NA,NA,0,0,0,NA,NA,7/18/18,NA,NA,NA,NA,NA,0,0,0,NA,8/5/18,NA,NA,NA,NA,NA,0,0,0,NA,8/27/18,NA,NA,NA,NA,0,0,0,NA
LV1,1,NA,20-1,LV1 P1 QNA #20-1,2017,6/30/18,D,NA,NA,NA,NA,0,0,0,NA,NA,7/18/18,NA,NA,NA,NA,NA,0,0,0,NA,8/5/18,NA,NA,NA,NA,NA,0,0,0,NA,8/27/18,NA,NA,NA,NA,0,0,0,NA
LV1,1,NA,20-2,LV1 P1 QNA #20-2,2017,6/30/18,D,NA,NA,NA,NA,0,0,0,NA,NA,7/18/18,NA,NA,NA,NA,NA,0,0,0,NA,8/5/18,NA,NA,NA,NA,NA,0,0,0,NA,8/27/18,NA,NA,NA,NA,0,0,0,NA
LV1,1,NA,20-3,LV1 P1 QNA #20-3,2017,6/30/18,D,NA,NA,NA,NA,0,0,0,NA,NA,7/18/18,NA,NA,NA,NA,NA,0,0,0,NA,8/5/18,NA,NA,NA,NA,NA,0,0,0,NA,8/27/18,NA,NA,NA,NA,0,0,0,NA
LV1,1,NA,21,LV1 P1 QNA #21,2017,6/30/18,D,NA,NA,NA,NA,0,0,0,NA,NA,7/18/18,NA,NA,NA,NA,NA,0,0,0,NA,8/5/18,NA,NA,NA,NA,NA,0,0,0,NA,8/27/18,NA,NA,NA,NA,0,0,0,NA
LV1,1,NA,21-1,LV1 P1 QNA #21-1,7/18/18,6/30/18,NA,NA,NA,NA,NA,0,0,0,NA,NA,7/18/18,F,NA,16.2,1,NA,5,6,9,NA,8/5/18,P,2.22,18,1,NA,0,0,8,6.8,8/27/18,SX,NA,NA,NA,0,0,0,NA
LV1,1,NA,22,LV1 P1 QNA #22,2017,6/30/18,D,NA,NA,NA,NA,0,0,0,NA,NA,7/18/18,NA,NA,NA,NA,NA,0,0,0,NA,8/5/18,NA,NA,NA,NA,NA,0,0,0,NA,8/27/18,NA,NA,NA,NA,0,0,0,NA
LV1,1,NA,23,LV1 P1 QNA #23,2017,6/30/18,D,NA,NA,NA,NA,0,0,0,NA,NA,7/18/18,NA,NA,NA,NA,NA,0,0,0,NA,8/5/18,NA,NA,NA,NA,NA,0,0,0,NA,8/27/18,NA,NA,NA,NA,0,0,0,NA
LV1,1,NA,23-1,LV1 P1 QNA #23-1,2017,6/30/18,NA,NA,NA,NA,NA,0,0,0,NA,NA,7/18/18,NA,NA,NA,NA,NA,0,0,0,NA,8/5/18,NA,NA,NA,NA,NA,0,0,0,NA,8/27/18,NA,NA,NA,NA,0,0,0,NA
LV1,1,NA,23-2,LV1 P1 QNA #23-2,2017,6/30/18,B,NA,4.2,1,NA,8,0,0,NA,NA,7/18/18,F,NA,14,1,NA,4,6,8,NA,8/5/18,P,1.85,14.5,1,NA,0,0,7,5.7,8/27/18,SX,NA,NA,NA,0,0,0,NA
LV1,1,NA,23-3,LV1 P1 QNA #23-3,2017,6/30/18,B,NA,5,1,NA,8,0,0,NA,NA,7/18/18,F,NA,10.5,1,NA,5,2,0,NA,8/5/18,P,1.59,13,1,NA,0,0,0,NA,8/27/18,P,13.5,1,NA,0,0,0,NA
LV1,1,NA,24,LV1 P1 QNA #24,2017,6/30/18,D,NA,NA,NA,NA,0,0,0,NA,NA,7/18/18,NA,NA,NA,NA,NA,0,0,0,NA,8/5/18,NA,NA,NA,NA,NA,0,0,0,NA,8/27/18,NA,NA,NA,NA,0,0,0,NA
LV1,1,NA,24-1,LV1 P1 QNA #24-1,2017,6/30/18,D,NA,NA,NA,NA,0,0,0,NA,NA,7/18/18,NA,NA,NA,NA,NA,0,0,0,NA,8/5/18,NA,NA,NA,NA,NA,0,0,0,NA,8/27/18,NA,NA,NA,NA,0,0,0,NA
LV1,1,NA,24-1-1,LV1 P1 QNA #24-1-1,7/18/18,6/30/18,NA,NA,NA,NA,NA,0,0,0,NA,NA,7/18/18,F,NA,16.6,1,NA,6,8,3,NA,8/5/18,P,3.24,9.3,1,NA,0,0,0,NA,8/27/18,P?,7.7,1,NA,0,0,0,NA
LV1,1,NA,24-1-2,LV1 P1 QNA #24-1-2,7/18/18,6/30/18,NA,NA,NA,NA,NA,0,0,0,NA,NA,7/18/18,F,NA,11.5,3,NA,12,8,3,NA,8/5/18,P,2.16,13,2,NA,0,0,5,5.1,8/27/18,SX/V,11.5,2,1,0,0,0,NA
LV1,1,NA,24-1-3,LV1 P1 QNA #24-1-3,7/18/18,6/30/18,NA,NA,NA,NA,NA,0,0,0,NA,NA,7/18/18,F,NA,16.5,4,NA,19,15,8,NA,8/5/18,P,3.16,9.6,3,NA,0,0,0,NA,8/27/18,SX,NA,NA,NA,0,0,0,NA
LV1,1,NA,24-1-4,LV1 P1 QNA #24-1-4,7/18/18,6/30/18,NA,NA,NA,NA,NA,0,0,0,NA,NA,7/18/18,F,NA,13.3,1,NA,3,4,2,NA,8/5/18,P,2.18,4.3,1,NA,0,0,0,NA,8/27/18,SX/X,NA,NA,NA,0,0,0,NA
LV1,1,NA,24-1-5,LV1 P1 QNA #24-1-5,7/18/18,6/30/18,NA,NA,NA,NA,NA,0,0,0,NA,NA,7/18/18,F,NA,17.4,2,NA,7,11,9,NA,8/5/18,P,2.04,8.7,2,NA,0,0,0,NA,8/27/18,SX/X,NA,NA,NA,0,0,0,NA
LV1,1,NA,24-1-6,LV1 P1 QNA #24-1-6,7/18/18,6/30/18,NA,NA,NA,NA,NA,0,0,0,NA,NA,7/18/18,F,NA,14.5,1,NA,4,5,5,NA,8/5/18,P,2.16,17,1,NA,0,0,6,5.6,8/27/18,SX,NA,NA,NA,0,0,0,NA
LV1,1,NA,NA,LV1 P1 QNA #NA,2017,6/30/18,B,NA,NA,NA,NA,0,0,0,NA,NA,7/18/18,NA,NA,NA,NA,NA,0,0,0,NA,8/5/18,NA,NA,NA,NA,NA,0,0,0,NA,8/27/18,NA,NA,NA,NA,0,0,0,NA
LV1,1,NA,NA,LV1 P1 QNA #NA,2017,6/30/18,B,NA,NA,NA,NA,0,0,0,NA,NA,7/18/18,NA,NA,NA,NA,NA,0,0,0,NA,8/5/18,NA,NA,NA,NA,NA,0,0,0,NA,8/27/18,NA,NA,NA,NA,0,0,0,NA
LV1,1,NA,NA,LV1 P1 QNA #NA,2017,6/30/18,B,NA,NA,NA,NA,0,0,0,NA,NA,7/18/18,NA,NA,NA,NA,NA,0,0,0,NA,8/5/18,NA,NA,NA,NA,NA,0,0,0,NA,8/27/18,NA,NA,NA,NA,0,0,0,NA
LV1,1,NA,NA,LV1 P1 QNA #NA,2017,6/30/18,B,NA,NA,NA,NA,0,0,0,NA,NA,7/18/18,NA,NA,NA,NA,NA,0,0,0,NA,8/5/18,NA,NA,NA,NA,NA,0,0,0,NA,8/27/18,NA,NA,NA,NA,0,0,0,NA
LV1,1,NA,NA,LV1 P1 QNA #NA,2017,6/30/18,B,NA,NA,NA,NA,0,0,0,NA,NA,7/18/18,NA,NA,NA,NA,NA,0,0,0,NA,8/5/18,NA,NA,NA,NA,NA,0,0,0,NA,8/27/18,NA,NA,NA,NA,0,0,0,NA
LV1,1,NA,24-2,LV1 P1 QNA #24-2,2017,6/30/18,D,NA,NA,NA,NA,0,0,0,NA,NA,7/18/18,NA,NA,NA,NA,NA,0,0,0,NA,8/5/18,NA,NA,NA,NA,NA,0,0,0,NA,8/27/18,NA,NA,NA,NA,0,0,0,NA
LV1,1,NA,24-3,LV1 P1 QNA #24-3,2017,6/30/18,NA,NA,NA,NA,NA,0,0,0,NA,NA,7/18/18,NA,NA,NA,NA,NA,0,0,0,NA,8/5/18,NA,NA,NA,NA,NA,0,0,0,NA,8/27/18,NA,NA,NA,NA,0,0,0,NA
LV1,1,NA,24-4,LV1 P1 QNA #24-4,2017,6/30/18,D,NA,NA,NA,NA,0,0,0,NA,NA,7/18/18,NA,NA,NA,NA,NA,0,0,0,NA,8/5/18,NA,NA,NA,NA,NA,0,0,0,NA,8/27/18,NA,NA,NA,NA,0,0,0,NA
LV1,1,NA,24-5,LV1 P1 QNA #24-5,2017,6/30/18,NA,NA,NA,NA,NA,0,0,0,NA,NA,7/18/18,NA,NA,NA,NA,NA,0,0,0,NA,8/5/18,NA,NA,NA,NA,NA,0,0,0,NA,8/27/18,NA,NA,NA,NA,0,0,0,NA
LV1,1,NA,24-6,LV1 P1 QNA #24-6,2017,6/30/18,B,NA,5.8,2,NA,11,0,0,NA,NA,7/18/18,F,NA,12.9,3,NA,16,11,4,NA,8/5/18,P,3.22,11.6,3,NA,0,0,1,5.1,8/27/18,P,15.2,3,NA,0,0,4,NA
LV1,1,NA,25,LV1 P1 QNA #25,2017,6/30/18,D,NA,NA,NA,NA,0,0,0,NA,NA,7/18/18,NA,NA,NA,NA,NA,0,0,0,NA,8/5/18,NA,NA,NA,NA,NA,0,0,0,NA,8/27/18,NA,NA,NA,NA,0,0,0,NA
LV1,1,NA,26,LV1 P1 QNA #26,2017,6/30/18,D,NA,NA,NA,NA,0,0,0,NA,NA,7/18/18,NA,NA,NA,NA,NA,0,0,0,NA,8/5/18,NA,NA,NA,NA,NA,0,0,0,NA,8/27/18,NA,NA,NA,NA,0,0,0,NA
LV1,1,NA,27,LV1 P1 QNA #27,2017,6/30/18,D,NA,NA,NA,NA,0,0,0,NA,NA,7/18/18,NA,NA,NA,NA,NA,0,0,0,NA,8/5/18,NA,NA,NA,NA,NA,0,0,0,NA,8/27/18,NA,NA,NA,NA,0,0,0,NA
LV1,1,NA,28,LV1 P1 QNA #28,2017,6/30/18,D,NA,NA,NA,NA,0,0,0,NA,NA,7/18/18,NA,NA,NA,NA,NA,0,0,0,NA,8/5/18,NA,NA,NA,NA,NA,0,0,0,NA,8/27/18,NA,NA,NA,NA,0,0,0,NA
LV1,1,NA,29,LV1 P1 QNA #29,2017,6/30/18,D,NA,NA,NA,NA,0,0,0,NA,NA,7/18/18,NA,NA,NA,NA,NA,0,0,0,NA,8/5/18,NA,NA,NA,NA,NA,0,0,0,NA,8/27/18,NA,NA,NA,NA,0,0,0,NA
LV1,1,NA,30,LV1 P1 QNA #30,2017,6/30/18,D,NA,NA,NA,NA,0,0,0,NA,NA,7/18/18,NA,NA,NA,NA,NA,0,0,0,NA,8/5/18,NA,NA,NA,NA,NA,0,0,0,NA,8/27/18,NA,NA,NA,NA,0,0,0,NA
LV1,1,NA,31,LV1 P1 QNA #31,2017,6/30/18,D,NA,NA,NA,NA,0,0,0,NA,NA,7/18/18,NA,NA,NA,NA,NA,0,0,0,NA,8/5/18,NA,NA,NA,NA,NA,0,0,0,NA,8/27/18,NA,NA,NA,NA,0,0,0,NA
LV1,1,NA,32,LV1 P1 QNA #32,2017,6/30/18,D,NA,NA,NA,NA,0,0,0,NA,NA,7/18/18,NA,NA,NA,NA,NA,0,0,0,NA,8/5/18,NA,NA,NA,NA,NA,0,0,0,NA,8/27/18,NA,NA,NA,NA,0,0,0,NA
LV1,1,NA,33,LV1 P1 QNA #33,2017,6/30/18,D,NA,NA,NA,NA,0,0,0,NA,NA,7/18/18,NA,NA,NA,NA,NA,0,0,0,NA,8/5/18,NA,NA,NA,NA,NA,0,0,0,NA,8/27/18,NA,NA,NA,NA,0,0,0,NA
LV1,1,NA,34,LV1 P1 QNA #34,2017,6/30/18,D,NA,NA,NA,NA,0,0,0,NA,NA,7/18/18,NA,NA,NA,NA,NA,0,0,0,NA,8/5/18,NA,NA,NA,NA,NA,0,0,0,NA,8/27/18,NA,NA,NA,NA,0,0,0,NA
LV1,1,NA,35,LV1 P1 QNA #35,2017,6/30/18,Cant Find,NA,NA,NA,NA,0,0,0,NA,NA,7/18/18,NA,NA,NA,NA,NA,0,0,0,NA,8/5/18,NA,NA,NA,NA,NA,0,0,0,NA,8/27/18,NA,NA,NA,NA,0,0,0,NA
LV1,1,NA,36,LV1 P1 QNA #36,2017,6/30/18,D,NA,NA,NA,NA,0,0,0,NA,NA,7/18/18,NA,NA,NA,NA,NA,0,0,0,NA,8/5/18,NA,NA,NA,NA,NA,0,0,0,NA,8/27/18,NA,NA,NA,NA,0,0,0,NA
LV1,1,NA,37,LV1 P1 QNA #37,2017,6/30/18,D,NA,NA,NA,NA,0,0,0,NA,NA,7/18/18,NA,NA,NA,NA,NA,0,0,0,NA,8/5/18,NA,NA,NA,NA,NA,0,0,0,NA,8/27/18,NA,NA,NA,NA,0,0,0,NA
LV1,1,NA,37-1,LV1 P1 QNA #37-1,2017,6/30/18,D,NA,NA,NA,NA,0,0,0,NA,NA,7/18/18,NA,NA,NA,NA,NA,0,0,0,NA,8/5/18,NA,NA,NA,NA,NA,0,0,0,NA,8/27/18,NA,NA,NA,NA,0,0,0,NA
LV1,1,NA,38,LV1 P1 QNA #38,2017,6/30/18,D,NA,NA,NA,NA,0,0,0,NA,NA,7/18/18,NA,NA,NA,NA,NA,0,0,0,NA,8/5/18,NA,NA,NA,NA,NA,0,0,0,NA,8/27/18,NA,NA,NA,NA,0,0,0,NA
LV1,1,NA,38-1,LV1 P1 QNA #38-1,2017,6/30/18,NA,NA,NA,NA,NA,0,0,0,NA,NA,7/18/18,NA,NA,NA,NA,NA,0,0,0,NA,8/5/18,NA,NA,NA,NA,NA,0,0,0,NA,8/27/18,NA,NA,NA,NA,0,0,0,NA
LV1,1,NA,38-2,LV1 P1 QNA #38-2,7/18/18,6/30/18,NA,NA,NA,NA,NA,0,0,0,NA,NA,7/18/18,V,NA,2.7,1,1.3,0,0,0,NA,8/5/18,P?,1.04,1.5,1,NA,0,0,0,NA,8/27/18,V,2.6,1,0.2,0,0,0,NA
LV1,1,NA,38-3,LV1 P1 QNA #38-3,7/18/18,6/30/18,NA,NA,NA,NA,NA,0,0,0,NA,NA,7/18/18,V,NA,2.1,1,1.1,0,0,0,NA,8/5/18,P?,1.11,1.2,1,NA,0,0,0,NA,8/27/18,V,2.7,1,0.4,0,0,0,NA
LV1,1,NA,38-4,LV1 P1 QNA #38-4,7/18/18,6/30/18,NA,NA,NA,NA,NA,0,0,0,NA,NA,7/18/18,F,NA,16.2,1,NA,5,8,4,NA,8/5/18,P?,1.78,5.5,1,NA,0,0,0,NA,8/27/18,V,5.7,1,0.5,0,0,0,NA
LV1,1,NA,38-5,LV1 P1 QNA #38-5,7/18/18,6/30/18,NA,NA,NA,NA,NA,0,0,0,NA,NA,7/18/18,F,NA,13,1,NA,5,5,2,NA,8/5/18,P,1.59,14,1,NA,0,0,3,7,8/27/18,SX,NA,NA,NA,0,0,0,NA
LV1,1,NA,38-6,LV1 P1 QNA #38-6,7/18/18,6/30/18,NA,NA,NA,NA,NA,0,0,0,NA,NA,7/18/18,F,NA,13.4,1,NA,5,6,5,NA,8/5/18,P,1.88,14,1,NA,0,0,7,6.1,8/27/18,SX,NA,NA,NA,0,0,0,NA
LV1,1,NA,38-7,LV1 P1 QNA #38-7,7/18/18,6/30/18,NA,NA,NA,NA,NA,0,0,0,NA,NA,7/18/18,F,NA,12.1,1,NA,5,5,2,NA,8/5/18,P,1.78,13.5,1,NA,0,0,5,6,8/27/18,SX,NA,NA,NA,0,0,0,NA
LV1,1,NA,38-8,LV1 P1 QNA #38-8,7/18/18,6/30/18,NA,NA,NA,NA,NA,0,0,0,NA,NA,7/18/18,F,NA,12.9,1,NA,5,6,3,NA,8/5/18,P,1.61,13.6,1,NA,0,0,5,6,8/27/18,SX,NA,NA,NA,0,0,0,NA
LV1,1,NA,38-9,LV1 P1 QNA #38-9,7/18/18,6/30/18,NA,NA,NA,NA,NA,0,0,0,NA,NA,7/18/18,F,NA,10.2,1,NA,5,7,3,NA,8/5/18,P,1.76,12.5,1,NA,0,0,4,5.9,8/27/18,SX,NA,NA,NA,0,0,0,NA
LV1,1,NA,39,LV1 P1 QNA #39,2017,6/30/18,D,NA,NA,NA,NA,0,0,0,NA,NA,7/18/18,NA,NA,NA,NA,NA,0,0,0,NA,8/5/18,NA,NA,NA,NA,NA,0,0,0,NA,8/27/18,NA,NA,NA,NA,0,0,0,NA
LV1,1,NA,40,LV1 P1 QNA #40,2017,6/30/18,D,NA,NA,NA,NA,0,0,0,(40) 2-3 possible germinants,NA,7/18/18,NA,NA,NA,NA,NA,0,0,0,NA,8/5/18,NA,NA,NA,NA,NA,0,0,0,NA,8/27/18,NA,NA,NA,NA,0,0,0,NA
LV1,1,NA,40-1,LV1 P1 QNA #40-1,7/18/18,6/30/18,NA,NA,NA,NA,NA,0,0,0,NA,NA,7/18/18,V,NA,1.7,1,1,0,0,0,NA,8/5/18,V,1.59,2.5,1,1.2,0,0,0,NA,8/27/18,V,3.2,1,1,0,0,0,NA
LV1,1,NA,40-2,LV1 P1 QNA #40-2,7/18/18,6/30/18,NA,NA,NA,NA,NA,0,0,0,NA,NA,7/18/18,V,NA,2.6,1,0.7,0,0,0,NA,8/5/18,V,1.31,2.7,1,0.9,0,0,0,NA,8/27/18,V,3.7,1,0.8,0,0,0,NA
LV1,1,NA,41,LV1 P1 QNA #41,2017,6/30/18,D,NA,NA,NA,NA,0,0,0,NA,NA,7/18/18,NA,NA,NA,NA,NA,0,0,0,NA,8/5/18,NA,NA,NA,NA,NA,0,0,0,NA,8/27/18,NA,NA,NA,NA,0,0,0,NA
LV1,1,NA,42,LV1 P1 QNA #42,2017,6/30/18,D,NA,NA,NA,NA,0,0,0,NA,NA,7/18/18,NA,NA,NA,NA,NA,0,0,0,NA,8/5/18,NA,NA,NA,NA,NA,0,0,0,NA,8/27/18,NA,NA,NA,NA,0,0,0,NA
LV1,1,NA,43,LV1 P1 QNA #43,2017,6/30/18,D,NA,NA,NA,NA,0,0,0,NA,NA,7/18/18,NA,NA,NA,NA,NA,0,0,0,NA,8/5/18,NA,NA,NA,NA,NA,0,0,0,NA,8/27/18,NA,NA,NA,NA,0,0,0,NA
LV1,1,NA,43-1,LV1 P1 QNA #43-1,7/18/18,6/30/18,V,NA,NA,1.8,1,1.2,0,0,NA,2.4,7/18/18,F,NA,12.2,1,NA,5,6,3,NA,8/5/18,MISSING,NA,NA,NA,NA,0,0,0,NA,8/27/18,NA,NA,NA,NA,0,0,0,NA
LV1,1,NA,43-2,LV1 P1 QNA #43-2,7/18/18,6/30/18,V,NA,NA,3,1,1.5,0,0,NA,2.7,7/18/18,F,NA,14.9,1,NA,8,8,2,NA,8/5/18,P,1.84,18,1,NA,0,0,5,6.2,8/27/18,SX,NA,NA,NA,0,0,0,NA
LV1,1,NA,43-2-1,LV1 P1 QNA #43-2-1,7/18/18,6/30/18,NA,NA,NA,NA,NA,0,0,0,NA,NA,7/18/18,F,NA,13.5,1,NA,8,9,2,NA,8/5/18,P,2.4,18,1,NA,0,0,7,6.6,8/27/18,SX,NA,NA,NA,0,0,0,NA
LV1,1,NA,43-3,LV1 P1 QNA #43-3,7/18/18,6/30/18,V,NA,NA,2.1,1,0.9,0,0,NA,2.2,7/18/18,F,NA,7.2,1,NA,6,2,0,NA,8/5/18,F,2.25,11.1,1,NA,0,1,4,5,8/27/18,SX,NA,NA,NA,0,0,0,NA
LV1,1,NA,44,LV1 P1 QNA #44,7/18/18,6/30/18,Can't Find,NA,NA,NA,NA,0,0,0,NA,NA,7/18/18,NA,NA,NA,NA,NA,0,0,0,NA,8/5/18,NA,NA,NA,NA,NA,0,0,0,NA,8/27/18,NA,NA,NA,NA,0,0,0,NA
LV1,1,NA,45,LV1 P1 QNA #45,2017,6/30/18,D,NA,NA,NA,NA,0,0,0,NA,NA,7/18/18,NA,NA,NA,NA,NA,0,0,0,NA,8/5/18,NA,NA,NA,NA,NA,0,0,0,NA,8/27/18,NA,NA,NA,NA,0,0,0,NA
LV1,1,NA,46,LV1 P1 QNA #46,2017,6/30/18,D,NA,NA,NA,NA,0,0,0,NA,NA,7/18/18,NA,NA,NA,NA,NA,0,0,0,NA,8/5/18,NA,NA,NA,NA,NA,0,0,0,NA,8/27/18,NA,NA,NA,NA,0,0,0,NA
LV1,1,NA,47,LV1 P1 QNA #47,2017,6/30/18,D,NA,NA,NA,NA,0,0,0,NA,NA,7/18/18,NA,NA,NA,NA,NA,0,0,0,NA,8/5/18,NA,NA,NA,NA,NA,0,0,0,NA,8/27/18,NA,NA,NA,NA,0,0,0,NA
LV1,1,NA,48,LV1 P1 QNA #48,2017,6/30/18,D,NA,NA,NA,NA,0,0,0,NA,NA,7/18/18,NA,NA,NA,NA,NA,0,0,0,NA,8/5/18,NA,NA,NA,NA,NA,0,0,0,NA,8/27/18,NA,NA,NA,NA,0,0,0,NA
LV1,1,NA,49,LV1 P1 QNA #49,2017,6/30/18,D,NA,NA,NA,NA,0,0,0,NA,NA,7/18/18,NA,NA,NA,NA,NA,0,0,0,NA,8/5/18,NA,NA,NA,NA,NA,0,0,0,NA,8/27/18,NA,NA,NA,NA,0,0,0,NA
LV1,1,NA,50,LV1 P1 QNA #50,2017,6/30/18,D,NA,NA,NA,NA,0,0,0,NA,NA,7/18/18,NA,NA,NA,NA,NA,0,0,0,NA,8/5/18,NA,NA,NA,NA,NA,0,0,0,NA,8/27/18,NA,NA,NA,NA,0,0,0,NA
LV1,1,NA,51,LV1 P1 QNA #51,2017,6/30/18,D,NA,NA,NA,NA,0,0,0,NA,NA,7/18/18,NA,NA,NA,NA,NA,0,0,0,NA,8/5/18,NA,NA,NA,NA,NA,0,0,0,NA,8/27/18,NA,NA,NA,NA,0,0,0,NA
LV1,1,NA,52,LV1 P1 QNA #52,2017,6/30/18,D,NA,NA,NA,NA,0,0,0,NA,NA,7/18/18,NA,NA,NA,NA,NA,0,0,0,NA,8/5/18,NA,NA,NA,NA,NA,0,0,0,NA,8/27/18,NA,NA,NA,NA,0,0,0,NA
LV1,1,NA,53,LV1 P1 QNA #53,2017,6/30/18,D,NA,NA,NA,NA,0,0,0,NA,NA,7/18/18,NA,NA,NA,NA,NA,0,0,0,NA,8/5/18,NA,NA,NA,NA,NA,0,0,0,NA,8/27/18,NA,NA,NA,NA,0,0,0,NA
LV1,2,NA,0-1,LV1 P2 QNA #0-1,2017,6/30/18,NA,NA,NA,NA,NA,0,0,0,NA,NA,7/18/18,NA,NA,NA,NA,NA,0,0,0,NA,8/5/18,NA,NA,NA,NA,NA,0,0,0,NA,8/27/18,NA,NA,NA,NA,0,0,0,NA
LV1,2,NA,0-2,LV1 P2 QNA #0-2,2017,6/30/18,NA,NA,NA,NA,NA,0,0,0,NA,NA,7/18/18,NA,NA,NA,NA,NA,0,0,0,NA,8/5/18,NA,NA,NA,NA,NA,0,0,0,NA,8/27/18,NA,NA,NA,NA,0,0,0,NA
LV1,2,NA,0-3,LV1 P2 QNA #0-3,2017,6/30/18,NA,NA,NA,NA,NA,0,0,0,NA,NA,7/18/18,NA,NA,NA,NA,NA,0,0,0,NA,8/5/18,NA,NA,NA,NA,NA,0,0,0,NA,8/27/18,NA,NA,NA,NA,0,0,0,NA
LV1,2,NA,0-4,LV1 P2 QNA #0-4,2017,6/30/18,NA,NA,NA,NA,NA,0,0,0,NA,NA,7/18/18,B,NA,9.5,4,NA,54,0,0,NA,8/5/18,P?,5.56,6,4,NA,0,0,0,NA,8/27/18,V/P?,9,4,NA,0,0,0,NA
LV1,2,NA,0-5,LV1 P2 QNA #0-5,2017,6/30/18,NA,NA,NA,NA,NA,0,0,0,NA,NA,7/18/18,F,NA,10.3,3,NA,23,3,0,NA,8/5/18,F,3.33,15.4,4,NA,4,1,10,5.4,8/27/18,SX,NA,NA,NA,0,0,0,NA
LV1,2,NA,0-6,LV1 P2 QNA #0-6,2017,6/30/18,NA,NA,NA,NA,NA,0,0,0,NA,NA,7/18/18,NA,NA,NA,NA,NA,0,0,0,NA,8/5/18,NA,NA,NA,NA,NA,0,0,0,NA,8/27/18,NA,NA,NA,NA,0,0,0,NA
LV1,2,NA,0-7,LV1 P2 QNA #0-7,2017,6/30/18,NA,NA,NA,NA,NA,0,0,0,NA,NA,7/18/18,NA,NA,NA,NA,NA,0,0,0,NA,8/5/18,NA,NA,NA,NA,NA,0,0,0,NA,8/27/18,NA,NA,NA,NA,0,0,0,NA
LV1,2,NA,0-8,LV1 P2 QNA #0-8,2017,6/30/18,NA,NA,NA,NA,NA,0,0,0,NA,NA,7/18/18,NA,NA,NA,NA,NA,0,0,0,NA,8/5/18,NA,NA,NA,NA,NA,0,0,0,NA,8/27/18,NA,NA,NA,NA,0,0,0,NA
LV1,2,NA,0-9,LV1 P2 QNA #0-9,2017,6/30/18,NA,NA,NA,NA,NA,0,0,0,NA,NA,7/18/18,NA,NA,NA,NA,NA,0,0,0,NA,8/5/18,NA,NA,NA,NA,NA,0,0,0,NA,8/27/18,NA,NA,NA,NA,0,0,0,NA
LV1,2,NA,0-9-1,LV1 P2 QNA #0-9-1,7/18/18,6/30/18,NA,NA,NA,NA,NA,0,0,0,NA,NA,7/18/18,B,NA,4.7,2,NA,22,0,0,NA,8/5/18,F,3.14,12.8,3,NA,13,6,7,4.5,8/27/18,SX,NA,NA,NA,0,0,0,NA
LV1,2,NA,0-10,LV1 P2 QNA #0-10,2017,6/30/18,D,NA,NA,NA,NA,0,0,0,NA,NA,7/18/18,NA,NA,NA,NA,NA,0,0,0,NA,8/5/18,NA,NA,NA,NA,NA,0,0,0,NA,8/27/18,NA,NA,NA,NA,0,0,0,NA
LV1,2,NA,0-11,LV1 P2 QNA #0-11,2017,6/30/18,V,1.4,1,1.5,NA,0,0,0,NA,NA,7/18/18,F,NA,10.5,3,NA,19,6,0,NA,8/5/18,P,2.38,14.4,2,NA,0,0,12,6.5,8/27/18,SX,NA,NA,NA,0,0,0,NA
LV1,2,NA,0-12,LV1 P2 QNA #0-12,2017,6/30/18,Alive on 7/10 ,NA,NA,NA,NA,0,0,0,NA,NA,7/18/18,B,NA,3.5,3,NA,15,0,0,NA,8/5/18,F,2.49,9.4,3,NA,13,6,17,4.4,8/27/18,SX,NA,NA,NA,0,0,0,NA
LV1,2,NA,0-12-1,LV1 P2 QNA #0-12-1,7/18/18,6/30/18,NA,NA,NA,NA,NA,0,0,0,NA,NA,7/18/18,F,NA,5.5,1,NA,10,1,0,NA,8/5/18,P,1.37,8.2,1,NA,3,0,5,4.6,8/27/18,SX,NA,NA,NA,0,0,0,NA
LV1,2,NA,1,LV1 P2 QNA #1,2017,6/30/18,D,NA,NA,NA,NA,0,0,0,NA,NA,7/18/18,NA,NA,NA,NA,NA,0,0,0,NA,8/5/18,NA,NA,NA,NA,NA,0,0,0,NA,8/27/18,NA,NA,NA,NA,0,0,0,NA
LV1,2,NA,2,LV1 P2 QNA #2,2017,6/30/18,D,NA,NA,NA,NA,0,0,0,NA,NA,7/18/18,NA,NA,NA,NA,NA,0,0,0,NA,8/5/18,NA,NA,NA,NA,NA,0,0,0,NA,8/27/18,NA,NA,NA,NA,0,0,0,NA
LV1,2,NA,2-1,LV1 P2 QNA #2-1,2017,6/30/18,D,NA,NA,NA,NA,0,0,0,NA,NA,7/18/18,NA,NA,NA,NA,NA,0,0,0,NA,8/5/18,NA,NA,NA,NA,NA,0,0,0,NA,8/27/18,NA,NA,NA,NA,0,0,0,NA
LV1,2,NA,2-2,LV1 P2 QNA #2-2,2017,6/30/18,D,NA,NA,NA,NA,0,0,0,NA,NA,7/18/18,NA,NA,NA,NA,NA,0,0,0,NA,8/5/18,NA,NA,NA,NA,NA,0,0,0,NA,8/27/18,NA,NA,NA,NA,0,0,0,NA
LV1,2,NA,2-3,LV1 P2 QNA #2-3,2017,6/30/18,D,NA,NA,NA,NA,0,0,0,NA,NA,7/18/18,NA,NA,NA,NA,NA,0,0,0,NA,8/5/18,NA,NA,NA,NA,NA,0,0,0,NA,8/27/18,NA,NA,NA,NA,0,0,0,NA
LV1,2,NA,2-4,LV1 P2 QNA #2-4,??,6/30/18,NA,NA,NA,NA,NA,0,0,0,NA,NA,NA,NA,NA,NA,NA,NA,NA,NA,NA,NA,8/5/18,P,2.05,13.3,2,NA,0,0,7,5.6,8/27/18,SX,NA,NA,NA,0,0,0,NA
LV1,2,NA,2-5,LV1 P2 QNA #2-5,??,6/30/18,NA,NA,NA,NA,NA,0,0,0,NA,NA,NA,NA,NA,NA,NA,NA,NA,NA,NA,NA,8/5/18,F,3,5.5,2,NA,7,3,0,NA,8/27/18,SX,NA,NA,NA,0,0,0,NA
LV1,2,NA,3,LV1 P2 QNA #3,2017,6/30/18,Can't Find,NA,NA,NA,NA,0,0,0,NA,NA,7/18/18,NA,NA,NA,NA,NA,0,0,0,NA,8/5/18,NA,NA,NA,NA,NA,0,0,0,NA,8/27/18,NA,NA,NA,NA,0,0,0,NA
LV1,2,NA,3-1,LV1 P2 QNA #3-1,2017,6/30/18,D,NA,NA,NA,NA,0,0,0,NA,NA,7/18/18,NA,NA,NA,NA,NA,0,0,0,NA,8/5/18,NA,NA,NA,NA,NA,0,0,0,NA,8/27/18,NA,NA,NA,NA,0,0,0,NA
LV1,2,NA,3-2,LV1 P2 QNA #3-2,2017,6/30/18,V,NA,3.4,3,NA,0,0,0,1.8,NA,7/18/18,F,NA,8,2,NA,13,3,0,NA,8/5/18,P,2.42,NA,12,6,0,0,0,8,8/27/18,SX,NA,NA,NA,0,0,0,NA
LV1,2,NA,4,LV1 P2 QNA #4,2017,6/30/18,D,NA,NA,NA,NA,0,0,0,NA,NA,7/18/18,NA,NA,NA,NA,NA,0,0,0,NA,8/5/18,NA,NA,NA,NA,NA,0,0,0,NA,8/27/18,NA,NA,NA,NA,0,0,0,NA
LV1,2,NA,5,LV1 P2 QNA #5,2017,6/30/18,D,NA,NA,NA,NA,0,0,0,NA,NA,7/18/18,NA,NA,NA,NA,NA,0,0,0,NA,8/5/18,NA,NA,NA,NA,NA,0,0,0,NA,8/27/18,NA,NA,NA,NA,0,0,0,NA
LV1,2,NA,6,LV1 P2 QNA #6,2017,6/30/18,NA,NA,NA,NA,NA,0,0,0,NA,NA,7/18/18,NA,NA,NA,NA,NA,0,0,0,NA,8/5/18,NA,NA,NA,NA,NA,0,0,0,NA,8/27/18,NA,NA,NA,NA,0,0,0,NA
LV1,2,NA,6-1,LV1 P2 QNA #6-1,2017,6/30/18,NA,NA,NA,NA,NA,0,0,0,NA,NA,7/18/18,NA,NA,NA,NA,NA,0,0,0,NA,8/5/18,NA,NA,NA,NA,NA,0,0,0,NA,8/27/18,NA,NA,NA,NA,0,0,0,NA
LV1,2,NA,6-2,LV1 P2 QNA #6-2,2017,6/30/18,D,NA,NA,NA,NA,0,0,0,NA,NA,7/18/18,NA,NA,NA,NA,NA,0,0,0,NA,8/5/18,NA,NA,NA,NA,NA,0,0,0,NA,8/27/18,NA,NA,NA,NA,0,0,0,NA
LV1,2,NA,6-3,LV1 P2 QNA #6-3,2017,6/30/18,NA,NA,NA,NA,NA,0,0,0,NA,NA,7/18/18,NA,NA,NA,NA,NA,0,0,0,NA,8/5/18,NA,NA,NA,NA,NA,0,0,0,NA,8/27/18,NA,NA,NA,NA,0,0,0,NA
LV1,2,NA,6-4,LV1 P2 QNA #6-4,2017,6/30/18,D,NA,NA,NA,NA,0,0,0,NA,NA,7/18/18,NA,NA,NA,NA,NA,0,0,0,NA,8/5/18,NA,NA,NA,NA,NA,0,0,0,NA,8/27/18,NA,NA,NA,NA,0,0,0,NA
LV1,2,NA,6-5,LV1 P2 QNA #6-5,2017,6/30/18,D,NA,NA,NA,NA,0,0,0,NA,NA,7/18/18,NA,NA,NA,NA,NA,0,0,0,NA,8/5/18,NA,NA,NA,NA,NA,0,0,0,NA,8/27/18,NA,NA,NA,NA,0,0,0,NA
LV1,2,NA,7,LV1 P2 QNA #7,2017,6/30/18,D,NA,NA,NA,NA,0,0,0,NA,NA,7/18/18,NA,NA,NA,NA,NA,0,0,0,NA,8/5/18,NA,NA,NA,NA,NA,0,0,0,NA,8/27/18,NA,NA,NA,NA,0,0,0,NA
LV1,2,NA,7-1,LV1 P2 QNA #7-1,2017,6/30/18,D,NA,NA,NA,NA,0,0,0,NA,NA,7/18/18,NA,NA,NA,NA,NA,0,0,0,NA,8/5/18,NA,NA,NA,NA,NA,0,0,0,NA,8/27/18,NA,NA,NA,NA,0,0,0,NA
LV1,2,NA,7-2,LV1 P2 QNA #7-2,2017,6/30/18,NA,NA,NA,NA,NA,0,0,0,NA,NA,7/18/18,NA,NA,NA,NA,NA,0,0,0,NA,8/5/18,NA,NA,NA,NA,NA,0,0,0,NA,8/27/18,NA,NA,NA,NA,0,0,0,NA
LV1,2,NA,8,LV1 P2 QNA #8,2017,6/30/18,D,NA,NA,NA,NA,0,0,0,NA,NA,7/18/18,NA,NA,NA,NA,NA,0,0,0,NA,8/5/18,NA,NA,NA,NA,NA,0,0,0,NA,8/27/18,NA,NA,NA,NA,0,0,0,NA
LV1,2,NA,9,LV1 P2 QNA #9,2017,6/30/18,D,NA,NA,NA,NA,0,0,0,NA,NA,7/18/18,NA,NA,NA,NA,NA,0,0,0,NA,8/5/18,NA,NA,NA,NA,NA,0,0,0,NA,8/27/18,NA,NA,NA,NA,0,0,0,NA
LV1,2,NA,9-1,LV1 P2 QNA #9-1,2017,6/30/18,D,NA,NA,NA,NA,0,0,0,NA,NA,7/18/18,NA,NA,NA,NA,NA,0,0,0,NA,8/5/18,NA,NA,NA,NA,NA,0,0,0,NA,8/27/18,NA,NA,NA,NA,0,0,0,NA
LV1,2,NA,9-2,LV1 P2 QNA #9-2,2017,6/30/18,NA,NA,NA,NA,NA,0,0,0,NA,NA,7/18/18,NA,NA,NA,NA,NA,0,0,0,NA,8/5/18,NA,NA,NA,NA,NA,0,0,0,NA,8/27/18,NA,NA,NA,NA,0,0,0,NA
LV1,2,NA,9-3,LV1 P2 QNA #9-3,2017,6/30/18,D,NA,NA,NA,NA,0,0,0,NA,NA,7/18/18,NA,NA,NA,NA,NA,0,0,0,NA,8/5/18,NA,NA,NA,NA,NA,0,0,0,NA,8/27/18,NA,NA,NA,NA,0,0,0,NA
LV1,2,NA,9-4,LV1 P2 QNA #9-4,2017,6/30/18,ALIVE 7/10/18,NA,NA,NA,NA,0,0,0,NA,NA,7/18/18,F,NA,11.2,1,NA,5,4,5,NA,8/5/18,P,1.63,11.7,1,NA,0,0,3,6.1,8/27/18,SX,NA,NA,NA,0,0,0,NA
LV1,2,NA,9-5,LV1 P2 QNA #9-5,2017,6/30/18,D,NA,NA,NA,NA,0,0,0,NA,NA,7/18/18,NA,NA,NA,NA,NA,0,0,0,NA,8/5/18,NA,NA,NA,NA,NA,0,0,0,NA,8/27/18,NA,NA,NA,NA,0,0,0,NA
LV1,2,NA,9-6,LV1 P2 QNA #9-6,2017,6/30/18,D,NA,NA,NA,NA,0,0,0,NA,NA,7/18/18,NA,NA,NA,NA,NA,0,0,0,NA,8/5/18,NA,NA,NA,NA,NA,0,0,0,NA,8/27/18,NA,NA,NA,NA,0,0,0,NA
LV1,2,NA,10,LV1 P2 QNA #10,2017,6/30/18,D,NA,NA,NA,NA,0,0,0,NA,NA,7/18/18,NA,NA,NA,NA,NA,0,0,0,NA,8/5/18,NA,NA,NA,NA,NA,0,0,0,NA,8/27/18,NA,NA,NA,NA,0,0,0,NA
LV1,2,NA,10-1,LV1 P2 QNA #10-1,2017,6/30/18,D,NA,NA,NA,NA,0,0,0,NA,NA,7/18/18,NA,NA,NA,NA,NA,0,0,0,NA,8/5/18,NA,NA,NA,NA,NA,0,0,0,NA,8/27/18,NA,NA,NA,NA,0,0,0,NA
LV1,2,NA,10-2,LV1 P2 QNA #10-2,2017,6/30/18,D,NA,NA,NA,NA,0,0,0,NA,NA,7/18/18,NA,NA,NA,NA,NA,0,0,0,NA,8/5/18,NA,NA,NA,NA,NA,0,0,0,NA,8/27/18,NA,NA,NA,NA,0,0,0,NA
LV1,2,NA,10-3,LV1 P2 QNA #10-3,2017,6/30/18,D,NA,NA,NA,NA,0,0,0,NA,NA,7/18/18,NA,NA,NA,NA,NA,0,0,0,NA,8/5/18,NA,NA,NA,NA,NA,0,0,0,NA,8/27/18,NA,NA,NA,NA,0,0,0,NA
LV1,2,NA,10-4,LV1 P2 QNA #10-4,2017,6/30/18,D,NA,NA,NA,NA,0,0,0,NA,NA,7/18/18,NA,NA,NA,NA,NA,0,0,0,NA,8/5/18,NA,NA,NA,NA,NA,0,0,0,NA,8/27/18,NA,NA,NA,NA,0,0,0,NA
LV1,2,NA,10-5,LV1 P2 QNA #10-5,2017,6/30/18,D,NA,NA,NA,NA,0,0,0,NA,NA,7/18/18,NA,NA,NA,NA,NA,0,0,0,NA,8/5/18,NA,NA,NA,NA,NA,0,0,0,NA,8/27/18,NA,NA,NA,NA,0,0,0,NA
LV1,2,NA,10-6,LV1 P2 QNA #10-6,2017,6/30/18,D,NA,NA,NA,NA,0,0,0,NA,NA,7/18/18,NA,NA,NA,NA,NA,0,0,0,NA,8/5/18,NA,NA,NA,NA,NA,0,0,0,NA,8/27/18,NA,NA,NA,NA,0,0,0,NA
LV1,2,NA,10-7,LV1 P2 QNA #10-7,7/18/18,6/30/18,NA,NA,NA,NA,NA,0,0,0,NA,NA,7/18/18,F,12.8,1,NA,4,4,9,0,NA,8/5/18,P,2.05,14.7,1,NA,0,0,5,6.2,8/27/18,SX,NA,NA,NA,0,0,0,NA
LV1,2,NA,10-8,LV1 P2 QNA #10-8,7/18/18,6/30/18,NA,NA,NA,NA,NA,0,0,0,NA,NA,7/18/18,F,11.1,1,NA,4,1,7,0,NA,8/5/18,P,1.44,11,1,NA,0,0,3,6.5,8/27/18,SX,NA,NA,NA,0,0,0,NA
LV1,2,NA,10-9,LV1 P2 QNA #10-9,7/18/18,6/30/18,NA,NA,NA,NA,NA,0,0,0,NA,NA,7/18/18,F,10.5,1,NA,7,1,6,0,NA,8/5/18,P,1.74,11.3,1,NA,0,0,4,6,8/27/18,SX,NA,NA,NA,0,0,0,NA
LV1,2,NA,10-10,LV1 P2 QNA #10-10,7/18/18,6/30/18,NA,NA,NA,NA,NA,0,0,0,NA,NA,7/18/18,F,10.5,1,NA,4,4,5,0,NA,8/5/18,P,1.73,12,1,NA,0,0,3,5.6,8/27/18,SX,NA,NA,NA,0,0,0,NA
LV1,2,NA,11,LV1 P2 QNA #11,2017,6/30/18,NA,NA,NA,NA,NA,0,0,0,NA,NA,7/18/18,NA,NA,NA,NA,NA,0,0,0,NA,8/5/18,NA,NA,NA,NA,NA,0,0,0,NA,8/27/18,NA,NA,NA,NA,0,0,0,NA
LV1,2,NA,12,LV1 P2 QNA #12,2017,6/30/18,D,NA,NA,NA,NA,0,0,0,NA,NA,7/18/18,NA,NA,NA,NA,NA,0,0,0,NA,8/5/18,NA,NA,NA,NA,NA,0,0,0,NA,8/27/18,NA,NA,NA,NA,0,0,0,NA
LV1,2,NA,12-1,LV1 P2 QNA #12-1,2017,6/30/18,D,NA,NA,NA,NA,0,0,0,NA,NA,7/18/18,NA,NA,NA,NA,NA,0,0,0,NA,8/5/18,NA,NA,NA,NA,NA,0,0,0,NA,8/27/18,NA,NA,NA,NA,0,0,0,NA
LV1,2,NA,12-1-1,LV1 P2 QNA #12-1-1,7/18/18,6/30/18,NA,NA,NA,NA,NA,0,0,0,NA,NA,7/18/18,F,NA,12.3,1,NA,5,5,5,NA,8/5/18,P,1.91,13.1,1,NA,0,0,5,6.2,8/27/18,SX,NA,NA,NA,0,0,0,NA
LV1,2,NA,12-1-2,LV1 P2 QNA #12-1-2,7/18/18,6/30/18,NA,NA,NA,NA,NA,0,0,0,NA,NA,7/18/18,F,NA,13.7,1,NA,5,4,10,NA,8/5/18,P?,1.89,5.3,2,NA,0,0,0,NA,8/27/18,V,6.1,3,0.6,0,0,0,NA
LV1,2,NA,12-1-3,LV1 P2 QNA #12-1-3,7/18/18,6/30/18,NA,NA,NA,NA,NA,0,0,0,NA,NA,7/18/18,F,NA,9.6,1,NA,4,3,5,NA,8/5/18,P,1.46,11.2,1,NA,0,0,3,4.9,8/27/18,SX,NA,NA,NA,0,0,0,NA
LV1,2,NA,12-1-4,LV1 P2 QNA #12-1-4,7/18/18,6/30/18,NA,NA,NA,NA,NA,0,0,0,NA,NA,7/18/18,F,NA,10.7,1,NA,4,3,6,NA,8/5/18,P,0.88,9.7,1,NA,0,0,3,5.5,8/27/18,SX,NA,NA,NA,0,0,0,NA
LV1,2,NA,12-2,LV1 P2 QNA #12-2,2017,6/30/18,D,NA,NA,NA,NA,0,0,0,NA,NA,7/18/18,NA,NA,NA,NA,NA,0,0,0,NA,8/5/18,NA,NA,NA,NA,NA,0,0,0,NA,8/27/18,NA,NA,NA,NA,0,0,0,NA
LV1,2,NA,12-3,LV1 P2 QNA #12-3,2017,6/30/18,B,NA,3.4,1,NA,6,0,0,NA,NA,7/18/18,F,NA,14,1,NA,5,6,6,NA,8/5/18,NA,NA,NA,NA,NA,0,0,0,NA,8/27/18,SX,NA,NA,NA,0,0,0,NA
LV1,2,NA,12-4,LV1 P2 QNA #12-4,2017,6/30/18,D,NA,NA,NA,NA,0,0,0,NA,NA,7/18/18,NA,NA,NA,NA,NA,0,0,0,NA,8/5/18,NA,NA,NA,NA,NA,0,0,0,NA,8/27/18,NA,NA,NA,NA,0,0,0,NA
LV1,2,NA,13,LV1 P2 QNA #13,2017,6/30/18,D,NA,NA,NA,NA,0,0,0,NA,NA,7/18/18,NA,NA,NA,NA,NA,0,0,0,NA,8/5/18,NA,NA,NA,NA,NA,0,0,0,NA,8/27/18,NA,NA,NA,NA,0,0,0,NA
LV1,2,NA,14,LV1 P2 QNA #14,2017,6/30/18,D,NA,NA,NA,NA,0,0,0,NA,NA,7/18/18,NA,NA,NA,NA,NA,0,0,0,NA,8/5/18,NA,NA,NA,NA,NA,0,0,0,NA,8/27/18,NA,NA,NA,NA,0,0,0,NA
LV1,2,NA,15,LV1 P2 QNA #15,2017,6/30/18,D,NA,NA,NA,NA,0,0,0,NA,NA,7/18/18,NA,NA,NA,NA,NA,0,0,0,NA,8/5/18,NA,NA,NA,NA,NA,0,0,0,NA,8/27/18,NA,NA,NA,NA,0,0,0,NA
LV1,2,NA,15-1,LV1 P2 QNA #15-1,2017,6/30/18,V,NA,2.5,1,1.3,0,0,0,NA,2.9,7/18/18,V,NA,4.4,1,1.5,0,0,0,NA,8/5/18,V,1.93,5.3,1,1.7,0,0,0,NA,8/27/18,V,7,1,1.8,0,0,0,NA
LV1,2,NA,15-2,LV1 P2 QNA #15-2,2017,6/30/18,D,NA,NA,NA,NA,0,0,0,NA,NA,7/18/18,NA,NA,NA,NA,NA,0,0,0,NA,8/5/18,NA,NA,NA,NA,NA,0,0,0,NA,8/27/18,NA,NA,NA,NA,0,0,0,NA
LV1,2,NA,16,LV1 P2 QNA #16,2017,6/30/18,V,NA,1.6,1,0.9,0,0,0,NA,1.7,7/18/18,V,NA,2.1,1,0.8,0,0,0,NA,8/5/18,V,1.54,2.7,1,1.1,0,0,0,NA,8/27/18,V,3,1,11.4,0,0,0,NA
LV1,2,NA,16-1,LV1 P2 QNA #16-1,2017,6/30/18,V,NA,0.7,1,0.6,0,0,0,NA,1.3,7/18/18,V,NA,1.6,1,1.2,0,0,0,NA,8/5/18,V,1.46,2.2,1,1,0,0,0,NA,8/27/18,V,3.5,1,0.8,0,0,0,NA
LV1,2,NA,17,LV1 P2 QNA #17,2017,6/30/18,V,NA,2,2,0.8,0,0,0,NA,1.4,7/18/18,V,NA,2,3,1.1,0,0,0,NA,8/5/18,V,2.48,3.4,3,1.5,0,0,0,NA,8/27/18,V,3.4,3,1.6,0,0,0,NA
LV1,2,NA,17-1,LV1 P2 QNA #17-1,?,6/30/18,NA,NA,NA,NA,NA,0,0,0,NA,NA,7/18/18,NA,NA,NA,NA,NA,NA,NA,NA,NA,8/5/18,P,1.6,14.5,1,NA,0,0,6,6.1,8/27/18,SX,NA,NA,NA,0,0,0,NA
LV1,2,NA,18,LV1 P2 QNA #18,2017,6/30/18,D,NA,NA,NA,NA,0,0,0,NA,NA,7/18/18,NA,NA,NA,NA,NA,0,0,0,NA,8/5/18,NA,NA,NA,NA,NA,0,0,0,NA,8/27/18,NA,NA,NA,NA,0,0,0,NA
LV1,2,NA,18-1,LV1 P2 QNA #18-1,2017,6/30/18,D,NA,NA,NA,NA,0,0,0,NA,NA,7/18/18,NA,NA,NA,NA,NA,0,0,0,NA,8/5/18,NA,NA,NA,NA,NA,0,0,0,NA,8/27/18,NA,NA,NA,NA,0,0,0,NA
LV1,2,NA,18-2,LV1 P2 QNA #18-2,2017,6/30/18,B,NA,NA,NA,NA,0,0,0,NA,NA,7/18/18,V,NA,2.1,1,1.4,0,0,0,NA,8/5/18,F,1.69,4,1,NA,0,1,0,NA,8/27/18,V,4,1,0.6,0,0,0,NA
LV1,2,NA,18-3,LV1 P2 QNA #18-3,2017,6/30/18,D,NA,NA,NA,NA,0,0,0,NA,NA,7/18/18,NA,NA,NA,NA,NA,0,0,0,NA,8/5/18,NA,NA,NA,NA,NA,0,0,0,NA,8/27/18,NA,NA,NA,NA,0,0,0,NA
LV1,2,NA,19,LV1 P2 QNA #19,2017,6/30/18,V,NA,NA,NA,NA,0,0,0,NA,1,7/18/18,V,NA,1.6,3,0.6,0,0,0,NA,8/5/18,V,NA,2.1,2.1,3,0.8,0,0,0,8/27/18,X,NA,NA,NA,0,0,0,NA
LV1,2,NA,20,LV1 P2 QNA #20,7/18/18,6/30/18,NA,NA,NA,NA,NA,0,0,0,NA,NA,7/18/18,F,NA,19.1,3,NA,13,15,15,NA,8/5/18,P,2.64,6,4,NA,0,0,0,NA,8/27/18,SX/X?,NA,NA,NA,0,0,0,NA
LV1,2,NA,21,LV1 P2 QNA #21,7/18/18,6/30/18,NA,NA,NA,NA,NA,0,0,0,NA,NA,7/18/18,F,NA,16.3,1,NA,4,5,8,NA,8/5/18,P,2.55,17.4,1,NA,0,0,10,6,8/27/18,SX,NA,NA,NA,0,0,0,NA
LV1,2,NA,22,LV1 P2 QNA #22,7/18/18,6/30/18,NA,NA,NA,NA,NA,0,0,0,NA,NA,7/18/18,P,NA,4.3,1,NA,3,0,1,NA,8/5/18,P,2.05,5,1,NA,0,0,1,3.5,8/27/18,SX,NA,NA,NA,0,0,0,NA
LV1,2,NA,23,LV1 P2 QNA #23,7/18/18,6/30/18,NA,NA,NA,NA,NA,0,0,0,NA,NA,7/18/18,F,NA,9.2,1,NA,6,3,4,NA,8/5/18,P,1.57,10.5,1,NA,0,0,5,5.2,8/27/18,SX,NA,NA,NA,0,0,0,NA
LV1,2,NA,24,LV1 P2 QNA #24,7/18/18,6/30/18,NA,NA,NA,NA,NA,0,0,0,NA,NA,7/18/18,F,NA,14.6,1,NA,5,7,6,NA,8/5/18,P,2.02,15,1,NA,0,0,8,6.6,8/27/18,SX,NA,NA,NA,0,0,0,NA
LV1,2,NA,25,LV1 P2 QNA #25,7/18/18,6/30/18,NA,NA,NA,NA,NA,0,0,0,NA,NA,7/18/18,F,NA,16,2,NA,10,9,10,NA,8/5/18,P,2.5,17.5,2,NA,0,0,11,6.5,8/27/18,SX,NA,NA,NA,0,0,0,NA
LV2,1,NA,1-4,LV2 P1 QNA #1-4,2017,6/30/18,F,NA,NA,NA,NA,0,0,0,NA,NA,7/18/18,NA,NA,NA,NA,NA,0,0,0,NA,8/5/18,NA,NA,NA,NA,NA,0,0,0,NA,8/27/18,F,12.5,8,NA,15,8,13,NA
LV2,1,NA,2-2,LV2 P1 QNA #2-2,2017,6/30/18,F,NA,NA,NA,NA,0,0,0,NA,NA,7/18/18,NA,NA,NA,NA,NA,0,0,0,NA,8/5/18,NA,NA,NA,NA,NA,0,0,0,NA,8/27/18,NA,NA,NA,NA,0,0,0,NA
LV2,1.5,NA,51,LV2 P1.5 QNA #51,7/18/18,6/30/18,NA,NA,NA,NA,NA,0,0,0,NA,NA,7/18/18,F,NA,5.5,3,NA,7,1,0,NA,8/5/18,P,3.87,8.6,3,NA,5,0,7,6.6,8/27/18,P,8.5,3,NA,0,0,6,NA
LV2,1.5,NA,52,LV2 P1.5 QNA #52,7/18/18,6/30/18,NA,NA,NA,NA,NA,0,0,0,NA,NA,7/18/18,V,NA,3.3,1,2.1,0,0,0,NA,8/5/18,V,1.88,5.4,1,2,0,0,0,NA,8/27/18,V,4.2,1,2.2,0,0,0,NA
LV2,1.5,NA,53,LV2 P1.5 QNA #53,7/18/18,6/30/18,NA,NA,NA,NA,NA,0,0,0,NA,NA,7/18/18,F,NA,8,1,NA,5,2,4,NA,8/5/18,P,2.04,8.6,1,NA,0,0,8,6,8/27/18,SX,NA,NA,NA,0,0,0,NA
LV2,1.5,NA,54,LV2 P1.5 QNA #54,7/18/18,6/30/18,NA,NA,NA,NA,NA,0,0,0,NA,NA,7/18/18,F,NA,15.8,4,NA,4,2,10,NA,8/5/18,F,3.82,18,4,NA,3,2,15,7.5,8/27/18,S,18,4,NA,0,0,0,NA
LV2,1.5,NA,55,LV2 P1.5 QNA #55,7/18/18,6/30/18,NA,NA,NA,NA,NA,0,0,0,NA,NA,7/18/18,V,NA,1.8,1,1.1,0,0,0,NA,8/5/18,V,1.9,2.4,1,1.6,0,0,0,NA,8/27/18,V,2.2,1,1.7,0,0,0,NA
LV2,1.5,NA,56,LV2 P1.5 QNA #56,7/18/18,6/30/18,NA,NA,NA,NA,NA,0,0,0,NA,NA,7/18/18,F,NA,9.6,1,NA,7,2,6,NA,8/5/18,P,1.97,9.2,1,NA,0,0,10,4.2,8/27/18,X,NA,NA,NA,0,0,0,NA
LV2,1.5,NA,57,LV2 P1.5 QNA #57,7/18/18,6/30/18,NA,NA,NA,NA,NA,0,0,0,NA,NA,7/18/18,V,NA,4.1,1,1.4,0,0,0,NA,8/5/18,V,1.88,5.3,1,1.6,0,0,0,NA,8/27/18,V,4.5,1,1.5,0,0,0,NA
LV2,1.5,NA,58,LV2 P1.5 QNA #58,7/18/18,6/30/18,NA,NA,NA,NA,NA,0,0,0,NA,NA,7/18/18,V,NA,2.6,1,1.2,0,0,0,NA,8/5/18,V,2.21,3.7,2,1.6,0,0,0,NA,8/27/18,V,3.1,1,1.4,0,0,0,NA
LV2,1.5,NA,59,LV2 P1.5 QNA #59,7/18/18,6/30/18,NA,NA,NA,NA,NA,0,0,0,NA,NA,7/18/18,NA,NA,NA,NA,NA,0,0,0,NA,8/5/18,MISSING,NA,NA,NA,NA,0,0,0,NA,8/27/18,NA,NA,NA,NA,0,0,0,NA
LV2,1.5,NA,60,LV2 P1.5 QNA #60,7/18/18,6/30/18,NA,NA,NA,NA,NA,0,0,0,NA,NA,7/18/18,X,NA,NA,NA,NA,0,0,0,NA,8/5/18,MISSING,NA,NA,NA,NA,0,0,0,NA,8/27/18,NA,NA,NA,NA,0,0,0,NA
LV2,1.5,NA,61,LV2 P1.5 QNA #61,7/18/18,6/30/18,NA,NA,NA,NA,NA,0,0,0,NA,NA,7/18/18,F,NA,11.5,1,NA,3,1,4,NA,8/5/18,P,1.68,14,1,NA,0,0,3,7.3,8/27/18,SX,NA,NA,NA,0,0,0,NA
LV2,1.5,NA,62,LV2 P1.5 QNA #62,7/18/18,6/30/18,NA,NA,NA,NA,NA,0,0,0,NA,NA,7/18/18,F,NA,6,2,NA,4,2,3,NA,8/5/18,P,1.52,8.5,1,NA,0,0,4,5.8,8/27/18,SX,NA,NA,NA,0,0,0,NA
LV2,1.5,NA,63,LV2 P1.5 QNA #63,7/18/18,6/30/18,NA,NA,NA,NA,NA,0,0,0,NA,NA,7/18/18,B,NA,7.2,3,NA,4,0,0,NA,8/5/18,F,1.63,9.7,3,NA,2,1,1,3.1,8/27/18,SX,NA,NA,NA,0,0,0,NA
LV2,1.5,NA,64,LV2 P1.5 QNA #64,7/18/18,6/30/18,NA,NA,NA,NA,NA,0,0,0,NA,NA,7/18/18,F,NA,14.7,1,NA,4,4,7,NA,8/5/18,P,2.28,15.5,2,NA,0,0,6,6,8/27/18,SX,NA,NA,NA,0,0,0,NA
LV2,1.5,NA,65,LV2 P1.5 QNA #65,7/18/18,6/30/18,NA,NA,NA,NA,NA,0,0,0,NA,NA,7/18/18,F,NA,25,6,NA,12,11,35,NA,8/5/18,P,6.26,25.5,2,NA,0,0,41,7.2,8/27/18,SX,NA,NA,NA,0,0,0,NA
LV2,1.5,NA,66,LV2 P1.5 QNA #66,7/18/18,6/30/18,NA,NA,NA,NA,NA,0,0,0,NA,NA,7/18/18,V,NA,2.8,1,1.6,0,0,0,NA,8/5/18,V,2.06,2.5,1,1.5,0,0,0,NA,8/27/18,V,4,1,1.5,0,0,0,NA
LV2,1.5,NA,67,LV2 P1.5 QNA #67,7/18/18,6/30/18,NA,NA,NA,NA,NA,0,0,0,NA,NA,7/18/18,F,NA,14.6,1,NA,3,2,7,NA,8/5/18,P,2.14,15.3,1,NA,0,0,7,7.6,8/27/18,SX,NA,NA,NA,0,0,0,NA
LV2,1.5,NA,68,LV2 P1.5 QNA #68,7/18/18,6/30/18,NA,NA,NA,NA,NA,0,0,0,NA,NA,7/18/18,P,NA,16.3,1,NA,3,0,10,NA,8/5/18,S,2.1,16,1,NA,0,0,8,6,8/27/18,SX,NA,NA,NA,0,0,0,NA
LV2,1.5,NA,69,LV2 P1.5 QNA #69,7/18/18,6/30/18,NA,NA,NA,NA,NA,0,0,0,NA,NA,7/18/18,F,NA,17.6,2,NA,4,1,7,NA,8/5/18,P,2.4,18.5,1,NA,0,0,7,5.7,8/27/18,SX,NA,NA,NA,0,0,0,NA
LV2,1.5,NA,70,LV2 P1.5 QNA #70,7/18/18,6/30/18,NA,NA,NA,NA,NA,0,0,0,NA,NA,7/18/18,F,NA,14.5,1,NA,4,3,9,NA,8/5/18,P,1.76,13.5,1,NA,0,0,8,6.3,8/27/18,SX,NA,NA,NA,0,0,0,NA
LV2,1.5,NA,71,LV2 P1.5 QNA #71,7/18/18,6/30/18,NA,NA,NA,NA,NA,0,0,0,NA,NA,7/18/18,P,NA,11.3,1,NA,0,0,5,NA,8/5/18,P,2.7,11.7,1,NA,0,0,5,7.5,8/27/18,SX,NA,NA,NA,0,0,0,NA
LV2,1.5,NA,72,LV2 P1.5 QNA #72,7/18/18,6/30/18,NA,NA,NA,NA,NA,0,0,0,NA,NA,7/18/18,P,NA,10.4,1,NA,0,0,9,NA,8/5/18,P,2.46,11.8,1,NA,0,0,8,6.8,8/27/18,SX,NA,NA,NA,0,0,0,NA
LV2,1.5,NA,73,LV2 P1.5 QNA #73,7/18/18,6/30/18,NA,NA,NA,NA,NA,0,0,0,NA,NA,7/18/18,P,NA,13.3,1,NA,6,0,7,NA,8/5/18,P,1.47,14,1,NA,0,0,4,5.6,8/27/18,SX,NA,NA,NA,0,0,0,NA
LV2,1.5,NA,74,LV2 P1.5 QNA #74,7/18/18,6/30/18,NA,NA,NA,NA,NA,0,0,0,NA,NA,7/18/18,P,NA,11,1,NA,0,0,1,NA,8/5/18,P,2.69,12.3,1,NA,0,0,1,6.3,8/27/18,SX,NA,NA,NA,0,0,0,NA
LV2,1.5,NA,75,LV2 P1.5 QNA #75,7/18/18,6/30/18,NA,NA,NA,NA,NA,0,0,0,NA,NA,7/18/18,P,NA,19.5,1,NA,3,0,6,NA,8/5/18,P,2.38,19.1,1,NA,0,0,6,6,8/27/18,SX,NA,NA,NA,0,0,0,NA
LV2,2,NA,1,LV2 P2 QNA #1,2017,6/30/18,D,NA,NA,NA,NA,0,0,0,NA,NA,7/18/18,NA,NA,NA,NA,NA,0,0,0,NA,8/5/18,NA,NA,NA,NA,NA,0,0,0,NA,8/27/18,NA,NA,NA,NA,0,0,0,NA
LV2,2,NA,2,LV2 P2 QNA #2,2017,6/30/18,D,NA,NA,NA,NA,0,0,0,NA,NA,7/18/18,NA,NA,NA,NA,NA,0,0,0,NA,8/5/18,NA,NA,NA,NA,NA,0,0,0,NA,8/27/18,NA,NA,NA,NA,0,0,0,NA
LV2,2,NA,3,LV2 P2 QNA #3,2017,6/30/18,D,NA,NA,NA,NA,0,0,0,NA,NA,7/18/18,NA,NA,NA,NA,NA,0,0,0,NA,8/5/18,NA,NA,NA,NA,NA,0,0,0,NA,8/27/18,NA,NA,NA,NA,0,0,0,NA
LV2,2,NA,4,LV2 P2 QNA #4,2017,6/30/18,D,NA,NA,NA,NA,0,0,0,NA,NA,7/18/18,NA,NA,NA,NA,NA,0,0,0,NA,8/5/18,NA,NA,NA,NA,NA,0,0,0,NA,8/27/18,NA,NA,NA,NA,0,0,0,NA
LV2,2,NA,5,LV2 P2 QNA #5,2017,6/30/18,F,NA,11.5,4,NA,9,6,0,NA,NA,7/18/18,P,NA,13.8,4,NA,3,0,9,NA,8/5/18,P,3.01,14,4,NA,0,0,4,7,8/27/18,SX,NA,NA,NA,0,0,0,NA
LV2,2,NA,6,LV2 P2 QNA #6,2017,6/30/18,D,NA,NA,NA,NA,0,0,0,NA,NA,7/18/18,NA,NA,NA,NA,NA,0,0,0,NA,8/5/18,NA,NA,NA,NA,NA,0,0,0,NA,8/27/18,NA,NA,NA,NA,0,0,0,NA
LV2,2,NA,7,LV2 P2 QNA #7,2017,6/30/18,D,NA,NA,NA,NA,0,0,0,NA,NA,7/18/18,NA,NA,NA,NA,NA,0,0,0,NA,8/5/18,NA,NA,NA,NA,NA,0,0,0,NA,8/27/18,NA,NA,NA,NA,0,0,0,NA
LV2,2,NA,8,LV2 P2 QNA #8,2017,6/30/18,D,NA,NA,NA,NA,0,0,0,NA,NA,7/18/18,NA,NA,NA,NA,NA,0,0,0,NA,8/5/18,NA,NA,NA,NA,NA,0,0,0,NA,8/27/18,NA,NA,NA,NA,0,0,0,NA
LV2,2,NA,9,LV2 P2 QNA #9,2017,6/30/18,D,NA,NA,NA,NA,0,0,0,NA,NA,7/18/18,NA,NA,NA,NA,NA,0,0,0,NA,8/5/18,NA,NA,NA,NA,NA,0,0,0,NA,8/27/18,NA,NA,NA,NA,0,0,0,NA
LV2,2,NA,10,LV2 P2 QNA #10,2017,6/30/18,D,NA,NA,NA,NA,0,0,0,NA,NA,7/18/18,NA,NA,NA,NA,NA,0,0,0,NA,8/5/18,NA,NA,NA,NA,NA,0,0,0,NA,8/27/18,NA,NA,NA,NA,0,0,0,NA
LV2,2,NA,11,LV2 P2 QNA #11,2017,6/30/18,D,NA,NA,NA,NA,0,0,0,NA,NA,7/18/18,NA,NA,NA,NA,NA,0,0,0,NA,8/5/18,NA,NA,NA,NA,NA,0,0,0,NA,8/27/18,NA,NA,NA,NA,0,0,0,NA
LV2,2,NA,12,LV2 P2 QNA #12,2017,6/30/18,NA,NA,NA,NA,NA,0,0,0,NA,NA,7/18/18,NA,NA,NA,NA,NA,0,0,0,NA,8/5/18,NA,NA,NA,NA,NA,0,0,0,NA,8/27/18,NA,NA,NA,NA,0,0,0,NA
LV2,2,NA,13,LV2 P2 QNA #13,2017,6/30/18,D,NA,NA,NA,NA,0,0,0,NA,NA,7/18/18,NA,NA,NA,NA,NA,0,0,0,NA,8/5/18,NA,NA,NA,NA,NA,0,0,0,NA,8/27/18,NA,NA,NA,NA,0,0,0,NA
LV2,2,NA,14,LV2 P2 QNA #14,2017,6/30/18,NA,NA,NA,NA,NA,0,0,0,NA,NA,7/18/18,F,NA,18.2,5,NA,5,2,14,NA,8/5/18,P,2.53,17.6,6,NA,0,0,10,7,8/27/18,SX,NA,NA,NA,0,0,0,NA
LV2,2,NA,15,LV2 P2 QNA #15,2017,6/30/18,F,NA,15.2,4,NA,15,12,0,4,NA,7/18/18,X,NA,NA,NA,NA,0,0,0,NA,8/5/18,NA,NA,NA,NA,NA,0,0,0,NA,8/27/18,NA,NA,NA,NA,0,0,0,NA
LV2,2,NA,16,LV2 P2 QNA #16,2017,6/30/18,F,NA,12.4,5,NA,10,7,0,NA,NA,7/18/18,F,NA,11.2,7,NA,21,4,1,NA,8/5/18,P,2.52,10,4,NA,0,0,10,4.6,8/27/18,SX,NA,NA,NA,0,0,0,NA
LV2,2,NA,17,LV2 P2 QNA #17,2017,6/30/18,F,NA,8,3,NA,9,4,0,NA,NA,7/18/18,X,NA,NA,NA,NA,0,0,0,NA,8/5/18,NA,NA,NA,NA,NA,0,0,0,NA,8/27/18,NA,NA,NA,NA,0,0,0,NA
LV2,2,NA,17-1,LV2 P2 QNA #17-1,2017,6/30/18,D,NA,NA,NA,NA,0,0,0,NA,NA,7/18/18,NA,NA,NA,NA,NA,0,0,0,NA,8/5/18,NA,NA,NA,NA,NA,0,0,0,NA,8/27/18,NA,NA,NA,NA,0,0,0,NA
LV2,2,NA,18,LV2 P2 QNA #18,2017,6/30/18,D,NA,NA,NA,NA,0,0,0,NA,NA,7/18/18,NA,NA,NA,NA,NA,0,0,0,NA,8/5/18,NA,NA,NA,NA,NA,0,0,0,NA,8/27/18,NA,NA,NA,NA,0,0,0,NA
LV2,2,NA,19,LV2 P2 QNA #19,2017,6/30/18,D,NA,NA,NA,NA,0,0,0,NA,NA,7/18/18,NA,NA,NA,NA,NA,0,0,0,NA,8/5/18,NA,NA,NA,NA,NA,0,0,0,NA,8/27/18,NA,NA,NA,NA,0,0,0,NA
LV2,2,NA,20,LV2 P2 QNA #20,2017,6/30/18,D,NA,NA,NA,NA,0,0,0,NA,NA,7/18/18,NA,NA,NA,NA,NA,0,0,0,NA,8/5/18,NA,NA,NA,NA,NA,0,0,0,NA,8/27/18,NA,NA,NA,NA,0,0,0,NA
LV2,2,NA,21,LV2 P2 QNA #21,2017,6/30/18,D,NA,NA,NA,NA,0,0,0,NA,NA,7/18/18,V,NA,3.5,2,0.4,0,0,0,NA,8/5/18,V,1.55,4,2,0.4,0,0,0,NA,8/27/18,SX,NA,NA,NA,0,0,0,NA
LV2,2,NA,22,LV2 P2 QNA #22,2017,6/30/18,D,NA,NA,NA,NA,0,0,0,NA,NA,7/18/18,NA,NA,NA,NA,NA,0,0,0,NA,8/5/18,NA,NA,NA,NA,NA,0,0,0,NA,8/27/18,NA,NA,NA,NA,0,0,0,NA
LV2,2,NA,23,LV2 P2 QNA #23,2017,6/30/18,D,NA,NA,NA,NA,0,0,0,NA,NA,7/18/18,NA,NA,NA,NA,NA,0,0,0,NA,8/5/18,NA,NA,NA,NA,NA,0,0,0,NA,8/27/18,NA,NA,NA,NA,0,0,0,NA
LV2,2,NA,23-1,LV2 P2 QNA #23-1,2017,6/30/18,F,NA,5.8,3,NA,13,1,0,NA,NA,7/18/18,F,NA,9.2,2,NA,3,3,6,NA,8/5/18,2.18,7.5,1,NA,NA,0,0,7,5,8/27/18,SX,NA,NA,NA,0,0,0,NA
LV2,2,NA,24,LV2 P2 QNA #24,2017,6/30/18,B,NA,2.6,2,NA,7,0,0,NA,NA,7/18/18,F,NA,9.3,5,NA,14,5,4,NA,8/5/18,V,2.43,4.6,4,0.5,0,0,0,NA,8/27/18,SX,NA,NA,NA,0,0,0,NA
LV2,2,NA,25,LV2 P2 QNA #25,2017,6/30/18,D,NA,NA,NA,NA,0,0,0,NA,NA,7/18/18,X,NA,NA,NA,NA,0,0,0,NA,8/5/18,NA,NA,NA,NA,NA,0,0,0,NA,8/27/18,NA,NA,NA,NA,0,0,0,NA
LV2,2,NA,26,LV2 P2 QNA #26,2017,6/30/18,F,NA,7,4,NA,25,5,0,NA,NA,7/18/18,NA,NA,NA,NA,NA,0,0,0,NA,8/5/18,NA,NA,NA,NA,NA,0,0,0,NA,8/27/18,NA,NA,NA,NA,0,0,0,NA
LV2,2,NA,26-1,LV2 P2 QNA #26-1,2017,6/30/18,D,NA,NA,NA,NA,0,0,0,NA,NA,7/18/18,F,NA,9.2,5,NA,8,2,11,NA,8/5/18,X,NA,NA,NA,NA,0,0,0,NA,8/27/18,NA,NA,NA,NA,0,0,0,NA
LV2,2,NA,27,LV2 P2 QNA #27,2017,6/30/18,D,NA,NA,NA,NA,0,0,0,NA,NA,7/18/18,NA,NA,NA,NA,NA,0,0,0,NA,8/5/18,NA,NA,NA,NA,NA,0,0,0,NA,8/27/18,NA,NA,NA,NA,0,0,0,NA
LV2,2,NA,28,LV2 P2 QNA #28,2017,6/30/18,V,NA,NA,NA,NA,0,0,0,NA,NA,7/18/18,NA,NA,NA,NA,NA,0,0,0,NA,8/5/18,NA,NA,NA,NA,NA,0,0,0,NA,8/27/18,NA,NA,NA,NA,0,0,0,NA
LV2,2,NA,29,LV2 P2 QNA #29,2017,6/30/18,D,NA,NA,NA,NA,0,0,0,NA,NA,7/18/18,V,NA,1,2,0.4,0,0,0,NA,8/5/18,NA,NA,NA,NA,NA,0,0,0,NA,8/27/18,NA,NA,NA,NA,0,0,0,NA
LV2,2,NA,30,LV2 P2 QNA #30,2017,6/30/18,F,NA,8.4,2,NA,7,4,0,NA,NA,7/18/18,NA,NA,NA,NA,NA,0,0,0,NA,8/5/18,NA,NA,NA,NA,NA,0,0,0,NA,8/27/18,NA,NA,NA,NA,0,0,0,NA
LV2,2,NA,51,LV2 P2 QNA #51,7/18/18,NA,NA,NA,NA,NA,NA,0,0,0,NA,NA,7/18/18,X,NA,NA,NA,NA,0,0,0,NA,8/5/18,NA,NA,NA,NA,NA,0,0,0,NA,8/27/18,NA,NA,NA,NA,0,0,0,NA
LV2,2,NA,52,LV2 P2 QNA #52,7/18/18,NA,NA,NA,NA,NA,NA,0,0,0,NA,NA,7/18/18,V,NA,1.1,1,0.8,0,0,0,NA,8/5/18,V,0.87,2.2,1,0.6,0,0,0,NA,8/27/18,X,NA,NA,NA,0,0,0,NA
LV2,2,NA,53,LV2 P2 QNA #53,7/18/18,NA,NA,NA,NA,NA,NA,0,0,0,NA,NA,7/18/18,V,NA,4.4,2,0.3,0,0,0,NA,8/5/18,B,1.41,5.5,2,NA,2,0,0,NA,8/27/18,P/V,6.2,3,0.5,0,0,0,NA
LV2,2,NA,54,LV2 P2 QNA #54,7/18/18,NA,NA,NA,NA,NA,NA,0,0,0,NA,NA,7/18/18,V,NA,5.4,1,3.1,0,0,0,NA,8/5/18,P,3.47,10,7,NA,0,0,14,4,8/27/18,V,7,1,2.4,0,0,0,NA
LV2,2,NA,55,LV2 P2 QNA #55,7/18/18,NA,NA,NA,NA,NA,NA,0,0,0,NA,NA,7/18/18,F,NA,7.6,6,NA,15,5,0,NA,8/5/18,V,2.19,6.4,1,3.1,0,0,0,NA,8/27/18,SX/V,NA,NA,NA,0,0,0,NA
LV2,2,NA,56,LV2 P2 QNA #56,7/18/18,NA,NA,NA,NA,NA,NA,0,0,0,NA,NA,7/18/18,V,NA,2,1,1.4,0,0,0,NA,8/5/18,V,2.11,3.2,1,1.4,0,0,0,NA,8/27/18,V,4,1,1.6,0,0,0,NA
LV2,2,NA,57,LV2 P2 QNA #57,7/18/18,NA,NA,NA,NA,NA,NA,0,0,0,NA,NA,7/18/18,V,NA,2.3,1,1.6,0,0,0,NA,8/5/18,V,1.95,2.4,1,1.6,0,0,0,NA,8/27/18,V,3.5,1,1.5,0,0,0,NA
LV2,2,NA,58,LV2 P2 QNA #58,7/18/18,NA,NA,NA,NA,NA,NA,0,0,0,NA,NA,7/18/18,B,NA,5.7,4,NA,12,0,0,NA,8/5/18,F,2.66,8,4,NA,7,2,2,0.7,8/27/18,P,8,4,NA,0,0,5,NA
LV2,2,NA,59,LV2 P2 QNA #59,7/18/18,NA,NA,NA,NA,NA,NA,0,0,0,NA,NA,7/18/18,V,NA,2.7,1,1.8,0,0,0,NA,8/5/18,V,2.16,4,1,1.8,0,0,0,NA,8/27/18,V,4.5,1,1.6,0,0,0,NA
LV2,2,NA,60,LV2 P2 QNA #60,7/18/18,NA,NA,NA,NA,NA,NA,0,0,0,NA,NA,7/18/18,V,NA,3.5,2,1.9,0,0,0,NA,8/5/18,V,2.75,3.3,3,1.9,0,0,0,NA,8/27/18,V,4.5,3,2,0,0,0,NA
LV2,2,NA,61,LV2 P2 QNA #61,7/18/18,NA,NA,NA,NA,NA,NA,0,0,0,NA,NA,7/18/18,F,NA,12,4,NA,19,8,4,NA,8/5/18,P,2.34,10,3,NA,0,0,6,4.6,8/27/18,SX,NA,NA,NA,0,0,0,NA
LV2,2,NA,62,LV2 P2 QNA #62,7/18/18,NA,NA,NA,NA,NA,NA,0,0,0,NA,NA,7/18/18,V,NA,1.6,1,0.3,0,0,0,NA,8/5/18,V,0.34,1.8,1,0.4,0,0,0,NA,8/27/18,X,NA,NA,NA,0,0,0,NA
LV2,2,NA,63,LV2 P2 QNA #63,7/18/18,NA,NA,NA,NA,NA,NA,0,0,0,NA,NA,7/18/18,V,NA,3.8,4,1.5,0,0,0,NA,8/5/18,V,2.92,3.7,8,2,0,0,0,NA,8/27/18,V,5.5,8,1.7,0,0,0,NA
LV2,2,NA,64,LV2 P2 QNA #64,7/18/18,NA,NA,NA,NA,NA,NA,0,0,0,NA,NA,7/18/18,V,NA,1.4,1,1,0,0,0,NA,8/5/18,X,NA,NA,NA,NA,0,0,0,NA,8/27/18,NA,NA,NA,NA,0,0,0,NA
LV2,2,NA,65,LV2 P2 QNA #65,7/18/18,NA,NA,NA,NA,NA,NA,0,0,0,NA,NA,7/18/18,V,NA,2.4,1,1,0,0,0,NA,8/5/18,V,1.41,2.5,1,1,0,0,0,NA,8/27/18,V,3.5,1,1.1,0,0,0,NA
LV2,2,NA,66,LV2 P2 QNA #66,7/18/18,NA,NA,NA,NA,NA,NA,0,0,0,NA,NA,7/18/18,V,NA,1.9,1,0.6,0,0,0,NA,8/5/18,V,0.87,2.1,1,0.8,0,0,0,NA,8/27/18,V,2.2,1,0.6,0,0,0,NA
LV2,2,NA,67,LV2 P2 QNA #67,7/18/18,NA,NA,NA,NA,NA,NA,0,0,0,NA,NA,7/18/18,V,NA,3.3,1,1.9,0,0,0,NA,8/5/18,V,1.42,4.3,1,1.8,0,0,0,NA,8/27/18,V,4.7,1,1.6,0,0,0,NA
LV2,2,NA,68,LV2 P2 QNA #68,7/18/18,NA,NA,NA,NA,NA,NA,0,0,0,NA,NA,7/18/18,X,NA,NA,NA,NA,0,0,0,NA,8/5/18,X,NA,NA,NA,NA,0,0,0,NA,8/27/18,NA,NA,NA,NA,0,0,0,NA
LV2,2,NA,69,LV2 P2 QNA #69,7/18/18,NA,NA,NA,NA,NA,NA,0,0,0,NA,NA,7/18/18,P,NA,17.2,1,NA,2,0,6,NA,8/5/18,S,1.17,16.4,1,NA,0,0,3,6.5,8/27/18,SX,NA,NA,NA,0,0,0,NA
LV3,1,INPUT LATER,1,LV3 P1 QINPUT LATER #1,2017,7/1/18,D,NA,NA,NA,NA,0,0,0,NA,NA,7/18/18,NA,NA,NA,NA,NA,0,0,0,NA,8/5/18,NA,NA,NA,NA,NA,0,0,0,NA,8/27/18,NA,NA,NA,NA,0,0,0,NA
LV3,1,INPUT LATER,2,LV3 P1 QINPUT LATER #2,2017,7/1/18,D,NA,NA,NA,NA,0,0,0,NA,NA,7/18/18,NA,NA,NA,NA,NA,0,0,0,NA,8/5/18,NA,NA,NA,NA,NA,0,0,0,NA,8/27/18,NA,NA,NA,NA,0,0,0,NA
LV3,1,INPUT LATER,1-1,LV3 P1 QINPUT LATER #1-1,2017,7/1/18,F,NA,12,2,NA,3,4,4,NA,NA,7/18/18,P,NA,12.5,2,NA,0,0,3,NA,8/5/18,X,NA,NA,NA,NA,0,0,0,NA,8/27/18,NA,NA,NA,NA,0,0,0,NA
LV3,1,INPUT LATER,1-2,LV3 P1 QINPUT LATER #1-2,2017,7/1/18,D,NA,NA,NA,NA,0,0,0,NA,NA,7/18/18,NA,NA,NA,NA,NA,0,0,0,NA,8/5/18,NA,NA,NA,NA,NA,0,0,0,NA,8/27/18,NA,NA,NA,NA,0,0,0,NA
LV3,1,INPUT LATER,1-3,LV3 P1 QINPUT LATER #1-3,2017,7/1/18,D,NA,NA,NA,NA,0,0,0,NA,NA,7/18/18,NA,NA,NA,NA,NA,0,0,0,NA,8/5/18,NA,NA,NA,NA,NA,0,0,0,NA,8/27/18,NA,NA,NA,NA,0,0,0,NA
LV3,1,INPUT LATER,1-4,LV3 P1 QINPUT LATER #1-4,2017,7/1/18,V,NA,4.6,2,1.5,0,0,0,NA,3.8,7/18/18,V,NA,4.3,3,2,0,0,0,NA,8/5/18,V,2.48,6.8,3,2.2,0,0,0,NA,8/27/18,V,6,3,2.3,0,0,0,NA
LV3,1,INPUT LATER,2-1,LV3 P1 QINPUT LATER #2-1,2017,7/1/18,F,NA,11.5,8,NA,34,5,1,NA,NA,7/18/18,F,NA,15,5,NA,12,4,12,NA,8/5/18,P,2.84,13.4,5,NA,0,0,5,4.2,8/27/18,SX,NA,NA,NA,0,0,0,NA
LV3,1,INPUT LATER,2-2,LV3 P1 QINPUT LATER #2-2,2017,7/1/18,D,NA,NA,NA,NA,0,0,0,NA,NA,7/18/18,NA,NA,NA,NA,NA,0,0,0,NA,8/5/18,NA,NA,NA,NA,NA,0,0,0,NA,8/27/18,NA,NA,NA,NA,0,0,0,NA
LV3,1,INPUT LATER,2-3,LV3 P1 QINPUT LATER #2-3,2017,7/1/18,F,NA,17.2,8,NA,17,9,0,NA,NA,7/18/18,F,NA,16.5,11,NA,17,6,10,NA,8/5/18,P,2.79,18.5,11,NA,0,0,15,6,8/27/18,SX,NA,NA,NA,0,0,0,NA
LV3,1,INPUT LATER,2-4,LV3 P1 QINPUT LATER #2-4,2017,7/1/18,F,NA,19.5,6,NA,26,10,6,NA,NA,7/18/18,P,NA,22.2,6,NA,1,0,6,NA,8/5/18,S,2.61,22.6,6,NA,4,0,6,7.5,8/27/18,SX,NA,NA,NA,0,0,0,NA
LV3,1,INPUT LATER,2-5,LV3 P1 QINPUT LATER #2-5,2017,7/1/18,D,NA,NA,NA,NA,0,0,0,NA,NA,7/18/18,NA,NA,NA,NA,NA,0,0,0,NA,8/5/18,NA,NA,NA,NA,NA,0,0,0,NA,8/27/18,NA,NA,NA,NA,0,0,0,NA
LV3,1,INPUT LATER,2-6,LV3 P1 QINPUT LATER #2-6,2017,7/1/18,D,NA,NA,NA,NA,0,0,0,NA,NA,7/18/18,NA,NA,NA,NA,NA,0,0,0,NA,8/5/18,NA,NA,NA,NA,NA,0,0,0,NA,8/27/18,NA,NA,NA,NA,0,0,0,NA
LV3,1,INPUT LATER,2-7,LV3 P1 QINPUT LATER #2-7,2017,7/1/18,F,NA,24,6,NA,28,15,3,NA,NA,7/18/18,F,NA,26.5,7,NA,19,4,8,NA,8/5/18,P,3.75,27.3,7,NA,0,0,8,8,8/27/18,SX,NA,NA,NA,0,0,0,NA
LV3,1,INPUT LATER,2-8,LV3 P1 QINPUT LATER #2-8,2017,7/1/18,D,NA,NA,NA,NA,0,0,0,NA,NA,7/18/18,NA,NA,NA,NA,NA,0,0,0,NA,8/5/18,NA,NA,NA,NA,NA,0,0,0,NA,8/27/18,NA,NA,NA,NA,0,0,0,NA
LV3,1,INPUT LATER,3-1,LV3 P1 QINPUT LATER #3-1,2017,7/1/18,F,NA,20,4,NA,17,8,7,NA,NA,7/18/18,P,NA,23.2,6,NA,4,0,14,NA,8/5/18,S,2.41,25,6,NA,0,0,14,7.3,8/27/18,SX,NA,NA,NA,0,0,0,NA
LV3,1,INPUT LATER,3,LV3 P1 QINPUT LATER #3,2017,7/1/18,D,NA,NA,NA,NA,0,0,0,NA,NA,7/18/18,NA,NA,NA,NA,NA,0,0,0,NA,8/5/18,NA,NA,NA,NA,NA,0,0,0,NA,8/27/18,NA,NA,NA,NA,0,0,0,NA
LV3,1,NA,76,LV3 P1 QNA #76,7/18/18,NA,NA,NA,NA,NA,NA,0,0,0,NA,NA,7/18/18,F,NA,19,12,NA,0,0,0,NA,8/5/18,X,NA,NA,NA,NA,0,0,0,NA,8/27/18,NA,NA,NA,NA,0,0,0,NA
LV3,1,NA,77,LV3 P1 QNA #77,7/18/18,NA,NA,NA,NA,NA,NA,0,0,0,NA,NA,7/18/18,F,NA,24.9,5,NA,0,0,0,NA,8/5/18,P,4.58,24.3,3,NA,0,0,13,7.3,8/27/18,SX,NA,NA,NA,0,0,0,NA
LV3,1,NA,78,LV3 P1 QNA #78,7/18/18,NA,NA,NA,NA,NA,NA,0,0,0,NA,NA,7/18/18,V,NA,6.5,3,1.5,9,3,16,NA,8/5/18,V,3.57,7.5,3,1.5,0,0,0,NA,8/27/18,V,7.5,3,1.5,0,0,0,NA
LV3,1,NA,79,LV3 P1 QNA #79,7/18/18,NA,NA,NA,NA,NA,NA,0,0,0,NA,NA,7/18/18,V,NA,5.6,1,2,9,9,8,NA,8/5/18,V,1.93,5,1,2.1,0,0,0,NA,8/27/18,V,5.6,1,2,0,0,0,NA
LV3,1,NA,80,LV3 P1 QNA #80,7/18/18,NA,NA,NA,NA,NA,NA,0,0,0,NA,NA,7/18/18,V,NA,5.3,1,2.7,0,0,0,NA,8/5/18,V,2.39,6.5,1,2.1,0,0,0,NA,8/27/18,V,6.6,1,2.6,0,0,0,NA
LV3,1,NA,81,LV3 P1 QNA #81,7/18/18,NA,NA,NA,NA,NA,NA,0,0,0,NA,NA,7/18/18,V,NA,7.2,1,3.2,0,0,0,NA,8/5/18,V,2.49,8.2,1,3.2,0,0,0,NA,8/27/18,V,9.2,1,2.4,0,0,0,NA
LV3,1,NA,82,LV3 P1 QNA #82,7/18/18,NA,NA,NA,NA,NA,NA,0,0,0,NA,NA,7/18/18,V,NA,7.4,1,2.1,0,0,0,NA,8/5/18,V,1.97,8.5,1,2,0,0,0,NA,8/27/18,V,8.5,1,2.2,0,0,0,NA
LV3,1,NA,83,LV3 P1 QNA #83,7/18/18,NA,NA,NA,NA,NA,NA,0,0,0,NA,NA,7/18/18,P,NA,18.1,1,NA,0,0,4,NA,8/5/18,S,1.73,19.2,1,NA,0,0,4,6.4,8/27/18,SX,NA,NA,NA,0,0,0,NA
LV3,1,NA,84,LV3 P1 QNA #84,7/18/18,NA,NA,NA,NA,NA,NA,0,0,0,NA,NA,7/18/18,P,NA,13.6,1,NA,0,0,2,NA,8/5/18,P,2.05,12,1,NA,0,0,2,7.6,8/27/18,V/SX,13.2,1,1.5,0,0,0,NA
LV3,1,NA,85,LV3 P1 QNA #85,7/18/18,NA,NA,NA,NA,NA,NA,0,0,0,NA,NA,7/18/18,V,NA,6.8,1,2.6,0,0,0,NA,8/5/18,V,2.4,9.4,1,2.3,0,0,0,NA,8/27/18,V,9.4,1,2.3,0,0,0,NA
LV3,1,NA,86,LV3 P1 QNA #86,7/18/18,NA,NA,NA,NA,NA,NA,0,0,0,NA,NA,7/18/18,V,NA,8,1,2.1,0,0,0,NA,8/5/18,V,1.9,8.4,1,2,0,0,0,NA,8/27/18,X,NA,NA,NA,0,0,0,NA
LV3,1,NA,87,LV3 P1 QNA #87,7/18/18,NA,NA,NA,NA,NA,NA,0,0,0,NA,NA,7/18/18,P,NA,13.1,1,NA,3,0,4,NA,8/5/18,P,2.03,15,1,NA,0,0,4,6.6,8/27/18,SX,NA,NA,NA,0,0,0,NA
LV3,1,NA,88,LV3 P1 QNA #88,7/18/18,NA,NA,NA,NA,NA,NA,0,0,0,NA,NA,7/18/18,F,NA,15.5,4,NA,2,2,16,NA,8/5/18,P,2.62,20,4,NA,0,0,16,5.2,8/27/18,SX,NA,NA,NA,0,0,0,NA
LV3,1,NA,89,LV3 P1 QNA #89,7/18/18,NA,NA,NA,NA,NA,NA,0,0,0,NA,NA,7/18/18,P,NA,13.1,1,NA,2,0,3,NA,8/5/18,P,1.98,13,1,NA,0,0,3,6.4,8/27/18,SX,NA,NA,NA,0,0,0,NA
LV3,1,NA,90,LV3 P1 QNA #90,7/18/18,NA,NA,NA,NA,NA,NA,0,0,0,NA,NA,7/18/18,V,NA,8.3,1,2.2,0,0,0,NA,8/5/18,V,3.3,11,1,2.2,0,0,0,NA,8/27/18,X,NA,NA,NA,0,0,0,NA
LV3,1,NA,91,LV3 P1 QNA #91,7/18/18,NA,NA,NA,NA,NA,NA,0,0,0,NA,NA,7/18/18,P,NA,14.6,1,NA,0,0,5,NA,8/5/18,P,1.85,14.8,1,NA,0,0,5,6,8/27/18,SX,NA,NA,NA,0,0,0,NA
LV3,1,NA,92,LV3 P1 QNA #92,7/18/18,NA,NA,NA,NA,NA,NA,0,0,0,NA,NA,7/18/18,V,NA,11.1,1,2.4,0,0,0,NA,8/5/18,V,3.2,11.4,1,2,0,0,0,NA,8/27/18,X,NA,NA,NA,0,0,0,NA
LV3,1,NA,93,LV3 P1 QNA #93,7/18/18,NA,NA,NA,NA,NA,NA,0,0,0,NA,NA,7/18/18,V,NA,7,1,2.9,0,0,0,NA,8/5/18,V,2.97,9.2,1,2.3,0,0,0,NA,8/27/18,V,9.3,1,2.1,0,0,0,NA
LV3,1,NA,94,LV3 P1 QNA #94,7/18/18,NA,NA,NA,NA,NA,NA,0,0,0,NA,NA,7/18/18,P,NA,34.1,7,NA,2,0,21,NA,8/5/18,P,3.89,34,7,NA,0,0,21,7,8/27/18,SX,NA,NA,NA,0,0,0,NA
LV3,1,NA,95,LV3 P1 QNA #95,7/18/18,NA,NA,NA,NA,NA,NA,0,0,0,NA,NA,7/18/18,F,NA,12.6,4,NA,6,2,5,NA,8/5/18,P,2.24,14,5,NA,0,0,5,6.2,8/27/18,SX,NA,NA,NA,0,0,0,NA
LV3,1,NA,96,LV3 P1 QNA #96,7/18/18,NA,NA,NA,NA,NA,NA,0,0,0,NA,NA,7/18/18,F,NA,27.5,4,NA,10,2,31,NA,8/5/18,P,3.69,28,4,NA,0,0,28,8,8/27/18,SX,NA,NA,NA,0,0,0,NA
LV3,1,NA,97,LV3 P1 QNA #97,7/18/18,NA,NA,NA,NA,NA,NA,0,0,0,NA,NA,7/18/18,F,NA,21.8,3,NA,11,4,8,NA,8/5/18,X,NA,NA,NA,NA,0,0,0,NA,8/27/18,NA,NA,NA,NA,0,0,0,NA
LV3,1,NA,98,LV3 P1 QNA #98,7/18/18,NA,NA,NA,NA,NA,NA,0,0,0,NA,NA,7/18/18,V,NA,10.3,1,2.6,0,0,0,NA,8/5/18,V,2.34,10.3,1,3,0,0,0,NA,8/27/18,V,10.5,1,2.5,0,0,0,NA
LV3,1,NA,99,LV3 P1 QNA #99,7/18/18,NA,NA,NA,NA,NA,NA,0,0,0,NA,NA,7/18/18,V,NA,8.2,1,2.9,0,0,0,NA,8/5/18,V,2.3,12.7,1,2.9,0,0,0,NA,8/27/18,V,8.7,1,2.9,0,0,0,NA
LV3,1,NA,100,LV3 P1 QNA #100,7/18/18,NA,NA,NA,NA,NA,NA,0,0,0,NA,NA,7/18/18,F,NA,17.7,1,NA,0,0,5,NA,8/5/18,S,2.27,16.5,1,NA,0,0,2,8.1,8/27/18,SX,NA,NA,NA,0,0,0,NA
LV3,1.5,NA,51,LV3 P1.5 QNA #51,7/18/18,NA,NA,NA,NA,NA,NA,0,0,0,NA,NA,7/18/18,V,NA,6.4,1,2.1,0,0,0,NA,8/5/18,V,2.18,7.2,1,2.6,0,0,0,NA,8/27/18,V,7.5,1,2.1,0,0,0,NA
LV3,1.5,NA,52,LV3 P1.5 QNA #52,7/18/18,NA,NA,NA,NA,NA,NA,0,0,0,NA,NA,7/18/18,V,NA,5.1,1,2.1,0,0,0,NA,8/5/18,V,2.11,7.3,1,1.9,0,0,0,NA,8/27/18,V,6.3,1,1.8,0,0,0,NA
LV3,1.5,NA,53,LV3 P1.5 QNA #53,7/18/18,NA,NA,NA,NA,NA,NA,0,0,0,NA,NA,7/18/18,V,NA,3.3,1,1.5,0,0,0,NA,8/5/18,V,1.6,3.2,1,1.5,0,0,0,NA,8/27/18,V,6.1,1,1.5,0,0,0,NA
LV3,1.5,NA,54,LV3 P1.5 QNA #54,7/18/18,NA,NA,NA,NA,NA,NA,0,0,0,NA,NA,7/18/18,V,NA,5.4,1,1.8,0,0,0,NA,8/5/18,V,1.73,6.3,1,1.8,0,0,0,NA,8/27/18,V,6.2,1,1.4,0,0,0,NA
LV3,1.5,NA,55,LV3 P1.5 QNA #55,7/18/18,NA,NA,NA,NA,NA,NA,0,0,0,NA,NA,7/18/18,P,NA,21,3,NA,3,0,8,NA,8/5/18,X,NA,NA,NA,NA,0,0,0,NA,8/27/18,NA,NA,NA,NA,0,0,0,NA
LV3,1.5,NA,56,LV3 P1.5 QNA #56,7/18/18,NA,NA,NA,NA,NA,NA,0,0,0,NA,NA,7/18/18,P,NA,12.6,2,NA,3,0,5,NA,8/5/18,P,2,12.2,1,NA,0,0,6,7.4,8/27/18,SX,NA,NA,NA,0,0,0,NA
LV3,1.5,NA,57,LV3 P1.5 QNA #57,7/18/18,NA,NA,NA,NA,NA,NA,0,0,0,NA,NA,7/18/18,P,NA,16.5,1,NA,1,0,12,NA,8/5/18,S,1.89,17.3,1,NA,0,0,5,5.6,8/27/18,SX,NA,NA,NA,0,0,0,NA
LV3,1.5,NA,58,LV3 P1.5 QNA #58,7/18/18,NA,NA,NA,NA,NA,NA,0,0,0,NA,NA,7/18/18,NA,NA,NA,NA,NA,0,0,0,NA,8/5/18,X,NA,NA,NA,NA,0,0,0,NA,8/27/18,NA,NA,NA,NA,0,0,0,NA
LV3,1.5,NA,59,LV3 P1.5 QNA #59,7/18/18,NA,NA,NA,NA,NA,NA,0,0,0,NA,NA,7/18/18,V,NA,2.8,1,1.5,0,0,0,NA,8/5/18,V,1.83,4.4,1,1.6,0,0,0,NA,8/27/18,V,4.1,1,1.3,0,0,0,NA
LV3,1.5,NA,60,LV3 P1.5 QNA #60,7/18/18,NA,NA,NA,NA,NA,NA,0,0,0,NA,NA,7/18/18,P,NA,17,4,NA,0,0,7,NA,8/5/18,P,2.69,17,4,NA,0,0,2,6.6,8/27/18,F,13.5,4,NA,4,1,4,NA
LV3,1.5,NA,61,LV3 P1.5 QNA #61,7/18/18,NA,NA,NA,NA,NA,NA,0,0,0,NA,NA,7/18/18,P,NA,17.2,4,NA,0,0,11,NA,8/5/18,S,3.04,20.5,4,NA,0,0,12,6.6,8/27/18,SX,NA,NA,NA,0,0,0,NA
LV3,1.5,NA,62,LV3 P1.5 QNA #62,7/18/18,NA,NA,NA,NA,NA,NA,0,0,0,NA,NA,7/18/18,F,NA,11.2,2,NA,3,3,4,NA,8/5/18,P,1.53,13.5,2,NA,0,0,5,5,8/27/18,SX/V,12.2,2,1,0,0,0,NA
LV3,1.5,NA,63,LV3 P1.5 QNA #63,7/18/18,NA,NA,NA,NA,NA,NA,0,0,0,NA,NA,7/18/18,V,NA,3.2,1,1.8,0,0,0,NA,8/5/18,V,2.87,4.2,1,1.8,0,0,0,NA,8/27/18,X,NA,NA,NA,0,0,0,NA
LV3,1.5,NA,64,LV3 P1.5 QNA #64,7/18/18,NA,NA,NA,NA,NA,NA,0,0,0,NA,NA,7/18/18,V,NA,4.4,1,2.7,0,0,0,NA,8/5/18,V,2.39,4.3,1,2.6,0,0,0,NA,8/27/18,X,NA,NA,NA,0,0,0,NA
LV3,1.5,NA,65,LV3 P1.5 QNA #65,7/18/18,NA,NA,NA,NA,NA,NA,0,0,0,NA,NA,7/18/18,V,NA,6.4,1,2.3,0,0,0,NA,8/5/18,V,2.63,8.7,1,2.6,0,0,0,NA,8/27/18,X,NA,NA,NA,0,0,0,NA
LV3,1.5,NA,66,LV3 P1.5 QNA #66,7/18/18,NA,NA,NA,NA,NA,NA,0,0,0,NA,NA,7/18/18,P,NA,18.5,4,NA,5,0,7,NA,8/5/18,S,2.3,19,4,NA,0,0,5,6.7,8/27/18,SX,NA,NA,NA,0,0,0,NA
LV3,1.5,NA,67,LV3 P1.5 QNA #67,7/18/18,NA,NA,NA,NA,NA,NA,0,0,0,NA,NA,7/18/18,P,NA,24,5,NA,9,0,13,NA,8/5/18,P,2.52,24.8,4,NA,0,0,13,7.6,8/27/18,SX,NA,NA,NA,0,0,0,NA
LV3,1.5,NA,68,LV3 P1.5 QNA #68,7/18/18,NA,NA,NA,NA,NA,NA,0,0,0,NA,NA,7/18/18,F,NA,14.1,4,NA,5,2,7,NA,8/5/18,P,3.14,16.3,5,2.5,0,0,9,6,8/27/18,SX,NA,NA,NA,0,0,0,NA
LV3,1.5,NA,69,LV3 P1.5 QNA #69,7/18/18,NA,NA,NA,NA,NA,NA,0,0,0,NA,NA,7/18/18,V,NA,4.2,1,2.2,0,0,0,NA,8/5/18,V,2.5,6.5,3,NA,0,0,0,NA,8/27/18,V,9.5,3,1.9,0,0,0,NA
LV3,1.5,NA,70,LV3 P1.5 QNA #70,7/18/18,NA,NA,NA,NA,NA,NA,0,0,0,NA,NA,7/18/18,P,NA,16,5,NA,3,0,11,NA,8/5/18,S,2.31,14.5,2,NA,0,0,11,6.1,8/27/18,SX,NA,NA,NA,0,0,0,NA
LV3,1.5,NA,71,LV3 P1.5 QNA #71,7/18/18,NA,NA,NA,NA,NA,NA,0,0,0,NA,NA,7/18/18,P,NA,19.5,4,NA,0,0,13,NA,8/5/18,SX,NA,NA,NA,2.4,0,0,0,NA,8/27/18,SX,NA,NA,NA,0,0,0,NA
LV3,1.5,NA,72,LV3 P1.5 QNA #72,7/18/18,NA,NA,NA,NA,NA,NA,0,0,0,NA,NA,7/18/18,V,NA,3.8,1,1.8,0,0,0,NA,8/5/18,V,2.29,5.6,1,2,0,0,0,NA,8/27/18,V,5.2,1,2.1,0,0,0,NA
LV3,1.5,NA,73,LV3 P1.5 QNA #73,7/18/18,NA,NA,NA,NA,NA,NA,0,0,0,NA,NA,7/18/18,V,NA,3.5,1,1.7,0,0,0,NA,8/5/18,V,2.44,5,1,1.8,0,0,0,NA,8/27/18,X,NA,NA,NA,0,0,0,NA
LV3,1.5,NA,74,LV3 P1.5 QNA #74,7/18/18,NA,NA,NA,NA,NA,NA,0,0,0,NA,NA,7/18/18,V,NA,3.6,1,1.9,0,0,0,NA,8/5/18,V,2.01,5.2,1,1.8,0,0,0,NA,8/27/18,X,NA,NA,NA,0,0,0,NA
LV3,1.5,NA,75,LV3 P1.5 QNA #75,7/18/18,NA,NA,NA,NA,NA,NA,0,0,0,NA,NA,7/18/18,V,NA,3.5,1,1.6,0,0,0,NA,8/5/18,V,1.9,5,1,NA,0,0,0,NA,8/27/18,X,NA,NA,NA,0,0,0,NA
LV3,2,ALL GONE; BANK ERODED AWAY,NA,LV3 P2 QALL GONE; BANK ERODED AWAY #NA,2017,7/1/18,NA,NA,NA,NA,NA,0,0,0,NA,NA,7/18/18,NA,NA,NA,NA,NA,0,0,0,NA,8/6/18,NA,NA,NA,NA,NA,0,0,0,NA,8/27/18,NA,NA,NA,NA,0,0,0,NA
LVTR2.5,NA,NA,1,LVTR2.5 PNA QNA #1,2017,7/1/18,D,NA,NA,NA,NA,0,0,0,NA,NA,7/18/18,NA,NA,NA,NA,NA,0,0,0,NA,8/6/18,NA,NA,NA,NA,NA,0,0,0,NA,8/27/18,NA,NA,NA,NA,0,0,0,NA
LVTR2.5,NA,NA,8,LVTR2.5 PNA QNA #8,2017,7/1/18,F,NA,12.2,1,NA,17,1,0,NA,NA,7/18/18,F,NA,18.6,2,NA,3,5,10,NA,8/6/18,P,2.33,21,2,NA,0,0,10,7,8/27/18,SX,NA,NA,NA,0,0,0,NA
LVTR2.5,NA,NA,2,LVTR2.5 PNA QNA #2,2017,7/1/18,D,NA,NA,NA,NA,0,0,0,NA,NA,7/18/18,NA,NA,NA,NA,NA,0,0,0,NA,8/6/18,NA,NA,NA,NA,NA,0,0,0,NA,8/27/18,NA,NA,NA,NA,0,0,0,NA
LVTR2.5,NA,NA,3,LVTR2.5 PNA QNA #3,2017,7/1/18,D,NA,NA,NA,NA,0,0,0,NA,NA,7/18/18,NA,NA,NA,NA,NA,0,0,0,NA,8/6/18,NA,NA,NA,NA,NA,0,0,0,NA,8/27/18,NA,NA,NA,NA,0,0,0,NA
LVTR2.5,NA,NA,4,LVTR2.5 PNA QNA #4,2017,7/1/18,F,NA,11.3,1,NA,12,1,0,NA,NA,7/18/18,CAN'T FIND,NA,NA,NA,NA,0,0,0,NA,8/6/18,MISSING,NA,NA,NA,NA,0,0,0,NA,8/27/18,NA,NA,NA,NA,0,0,0,NA
LVTR2.5,NA,NA,5,LVTR2.5 PNA QNA #5,2017,7/1/18,D,NA,NA,NA,NA,0,0,0,NA,NA,7/18/18,NA,NA,NA,NA,NA,0,0,0,NA,8/6/18,NA,NA,NA,NA,NA,0,0,0,NA,8/27/18,NA,NA,NA,NA,0,0,0,NA
LVTR2.5,NA,NA,6,LVTR2.5 PNA QNA #6,2017,7/1/18,F,NA,6.2,2,NA,11,1,0,NA,NA,7/18/18,F,NA,7.5,2,NA,3,3,3,NA,8/6/18,S,0.64,6.5,1,NA,0,0,2,3.2,8/27/18,SX,NA,NA,NA,0,0,0,NA
LVTR2.5,NA,NA,7,LVTR2.5 PNA QNA #7,2017,7/1/18,LOST,NA,NA,NA,NA,0,0,0,NA,NA,7/18/18,NA,NA,NA,NA,NA,0,0,0,NA,8/6/18,NA,NA,NA,NA,NA,0,0,0,NA,8/27/18,NA,NA,NA,NA,0,0,0,NA
LVTR2.5,NA,NA,9,LVTR2.5 PNA QNA #9,2017,7/1/18,D,NA,NA,NA,NA,0,0,0,NA,NA,7/18/18,NA,NA,NA,NA,NA,0,0,0,NA,8/6/18,NA,NA,NA,NA,NA,0,0,0,NA,8/27/18,NA,NA,NA,NA,0,0,0,NA
LVTR2.5,NA,NA,10,LVTR2.5 PNA QNA #10,2017,7/1/18,LOST,NA,NA,NA,NA,0,0,0,NA,NA,7/18/18,NA,NA,NA,NA,NA,0,0,0,NA,8/6/18,NA,NA,NA,NA,NA,0,0,0,NA,8/27/18,NA,NA,NA,NA,0,0,0,NA
LVTR2.5,NA,NA,11,LVTR2.5 PNA QNA #11,2017,7/1/18,D,NA,NA,NA,NA,0,0,0,NA,NA,7/18/18,NA,NA,NA,NA,NA,0,0,0,NA,8/6/18,NA,NA,NA,NA,NA,0,0,0,NA,8/27/18,NA,NA,NA,NA,0,0,0,NA
LVTR2.5,NA,NA,26,LVTR2.5 PNA QNA #26,7/1/18,7/1/18,8g,NA,NA,NA,NA,0,0,0,NA,NA,7/18/18,8G are dead,NA,NA,NA,NA,0,0,0,NA,8/6/18,NA,NA,NA,NA,NA,0,0,0,NA,8/27/18,NA,NA,NA,NA,0,0,0,NA
LVTR2.5,NA,NA,27,LVTR2.5 PNA QNA #27,7/1/18,7/1/18,11v,NA,NA,NA,NA,0,0,0,NA,NA,7/18/18,11G are alive,NA,NA,NA,NA,0,0,0,NA,8/6/18,NA,NA,NA,NA,NA,0,0,0,NA,8/27/18,NA,NA,NA,NA,0,0,0,NA
LVTR2.5,NA,NA,28,LVTR2.5 PNA QNA #28,7/1/18,7/1/18,V,NA,2.4,1,0.9,0,0,0,NA,2.1,7/18/18,V,NA,2.2,1,1.3,0,0,0,NA,8/6/18,V,1.6,3.3,1,1.5,0,0,0,NA,8/27/18,V,4.6,1,1.5,0,0,0,NA
LVTR2.5,NA,NA,12,LVTR2.5 PNA QNA #12,2017,7/1/18,D,NA,NA,NA,NA,0,0,0,NA,NA,7/18/18,NA,NA,NA,NA,NA,0,0,0,NA,8/6/18,NA,NA,NA,NA,NA,0,0,0,NA,8/27/18,NA,NA,NA,NA,0,0,0,NA
LVTR2.5,NA,NA,13,LVTR2.5 PNA QNA #13,2017,7/1/18,D,NA,NA,NA,NA,0,0,0,NA,NA,7/18/18,NA,NA,NA,NA,NA,0,0,0,NA,8/6/18,NA,NA,NA,NA,NA,0,0,0,NA,8/27/18,NA,NA,NA,NA,0,0,0,NA
LVTR2.5,NA,NA,29,LVTR2.5 PNA QNA #29,7/1/18,7/1/18,V,NA,3.2,1,1.2,0,0,0,NA,1.8,7/18/18,V,NA,3.1,1,1.4,0,0,0,NA,8/6/18,V,1.09,4,1,1.5,0,0,0,NA,8/27/18,V,4.6,1,1.6,0,0,0,NA
LVTR2.5,NA,NA,30,LVTR2.5 PNA QNA #30,7/1/18,7/1/18,V,NA,3,1,1,0,0,0,NA,1.4,7/18/18,V,NA,3.1,1,1.3,0,0,0,NA,8/6/18,V,0.9,2.5,1,1.2,0,0,0,NA,8/27/18,V,3.7,1,1.3,0,0,0,NA
LVTR2.5,NA,NA,14,LVTR2.5 PNA QNA #14,2017,7/1/18,D,NA,NA,NA,NA,0,0,0,NA,NA,7/18/18,NA,NA,NA,NA,NA,0,0,0,NA,8/6/18,NA,NA,NA,NA,NA,0,0,0,NA,8/27/18,NA,NA,NA,NA,0,0,0,NA
LVTR2.5,NA,NA,15,LVTR2.5 PNA QNA #15,2017,7/1/18,D,NA,NA,NA,NA,0,0,0,NA,NA,7/18/18,NA,NA,NA,NA,NA,0,0,0,NA,8/6/18,NA,NA,NA,NA,NA,0,0,0,NA,8/27/18,NA,NA,NA,NA,0,0,0,NA
LVTR2.5,NA,NA,16,LVTR2.5 PNA QNA #16,2017,7/1/18,D,NA,NA,NA,NA,0,0,0,NA,NA,7/18/18,NA,NA,NA,NA,NA,0,0,0,NA,8/6/18,NA,NA,NA,NA,NA,0,0,0,NA,8/27/18,NA,NA,NA,NA,0,0,0,NA
LVTR2.5,NA,NA,17,LVTR2.5 PNA QNA #17,2017,7/1/18,D,NA,NA,NA,NA,0,0,0,NA,NA,7/18/18,NA,NA,NA,NA,NA,0,0,0,NA,8/6/18,NA,NA,NA,NA,NA,0,0,0,NA,8/27/18,NA,NA,NA,NA,0,0,0,NA
LVTR2.5,NA,NA,18,LVTR2.5 PNA QNA #18,2017,7/1/18,D,NA,NA,NA,NA,0,0,0,NA,NA,7/18/18,NA,NA,NA,NA,NA,0,0,0,NA,8/6/18,NA,NA,NA,NA,NA,0,0,0,NA,8/27/18,NA,NA,NA,NA,0,0,0,NA
LVTR2.5,NA,NA,19,LVTR2.5 PNA QNA #19,2017,7/1/18,D,NA,NA,NA,NA,0,0,0,NA,NA,7/18/18,NA,NA,NA,NA,NA,0,0,0,NA,8/6/18,NA,NA,NA,NA,NA,0,0,0,NA,8/27/18,NA,NA,NA,NA,0,0,0,NA
LVTR2.5,NA,NA,20,LVTR2.5 PNA QNA #20,2017,7/1/18,D,NA,NA,NA,NA,0,0,0,NA,NA,7/18/18,NA,NA,NA,NA,NA,0,0,0,NA,8/6/18,NA,NA,NA,NA,NA,0,0,0,NA,8/27/18,NA,NA,NA,NA,0,0,0,NA
LVTR2.5,NA,NA,21,LVTR2.5 PNA QNA #21,2017,7/1/18,D,NA,NA,NA,NA,0,0,0,NA,NA,7/18/18,NA,NA,NA,NA,NA,0,0,0,NA,8/6/18,NA,NA,NA,NA,NA,0,0,0,NA,8/27/18,NA,NA,NA,NA,0,0,0,NA
LVTR2.5,NA,NA,22,LVTR2.5 PNA QNA #22,2017,7/1/18,D,NA,NA,NA,NA,0,0,0,NA,NA,7/18/18,NA,NA,NA,NA,NA,0,0,0,NA,8/6/18,NA,NA,NA,NA,NA,0,0,0,NA,8/27/18,NA,NA,NA,NA,0,0,0,NA
LVTR2.5,NA,NA,23,LVTR2.5 PNA QNA #23,2017,7/1/18,D,NA,NA,NA,NA,0,0,0,NA,NA,7/18/18,NA,NA,NA,NA,NA,0,0,0,NA,8/6/18,NA,NA,NA,NA,NA,0,0,0,NA,8/27/18,NA,NA,NA,NA,0,0,0,NA
LVTR2.5,NA,NA,24,LVTR2.5 PNA QNA #24,2017,7/1/18,D,NA,NA,NA,NA,0,0,0,NA,NA,7/18/18,NA,NA,NA,NA,NA,0,0,0,NA,8/6/18,NA,NA,NA,NA,NA,0,0,0,NA,8/27/18,NA,NA,NA,NA,0,0,0,NA
LVTR2.5,NA,NA,25,LVTR2.5 PNA QNA #25,2017,7/1/18,D,NA,NA,NA,NA,0,0,0,NA,NA,7/18/18,NA,NA,NA,NA,NA,0,0,0,NA,8/6/18,NA,NA,NA,NA,NA,0,0,0,NA,8/27/18,NA,NA,NA,NA,0,0,0,NA
LVTR2.5,NA,NA,31,LVTR2.5 PNA QNA #31,7/1/18,7/1/18,F,NA,8,1,NA,6,2,0,NA,NA,7/18/18,F,NA,13.4,1,NA,3,2,5,NA,8/6/18,P,2.31,18.1,1,NA,0,0,4,6,8/27/18,SX,NA,NA,NA,0,0,0,NA
LVTR2.5,NA,NA,32,LVTR2.5 PNA QNA #32,7/1/18,7/1/18,F,NA,15,1,NA,23,3,0,NA,NA,7/18/18,F,NA,22,2,NA,6,5,19,NA,8/6/18,P,2.07,25,2,NA,0,0,8,6.6,8/27/18,SX,NA,NA,NA,0,0,0,NA
LVTR2.5,NA,NA,33,LVTR2.5 PNA QNA #33,7/1/18,7/1/18,F,NA,7,3,NA,17,2,0,NA,NA,7/18/18,F,NA,13.1,2,NA,6,4,14,NA,8/6/18,P,1,13,2,NA,0,0,8,6,8/27/18,SX,NA,NA,NA,0,0,0,NA
LVTR2.5,NA,NA,34,LVTR2.5 PNA QNA #34,7/1/18,7/1/18,B,NA,7,2,NA,10,0,0,NA,NA,7/18/18,F,NA,13.9,1,NA,2,2,9,NA,8/6/18,P,1.94,17.2,1,NA,0,0,8,5.9,8/27/18,SX,NA,NA,NA,0,0,0,NA
LVTR2.5,NA,NA,35,LVTR2.5 PNA QNA #35,7/1/18,7/1/18,B,NA,10.4,1,NA,11,0,0,NA,NA,7/18/18,F,NA,16.2,1,NA,2,2,9,NA,8/6/18,P,2.18,17.2,1,NA,0,0,7,6.5,8/27/18,SX,NA,NA,NA,0,0,0,NA
LVTR2.5,NA,NA,36,LVTR2.5 PNA QNA #36,7/1/18,7/1/18,B,NA,5.8,1,NA,8,0,0,NA,NA,7/18/18,F,NA,8.1,1,NA,2,1,4,NA,8/6/18,P,1,8.5,1,NA,0,0,3,5.1,8/27/18,SX,NA,NA,NA,0,0,0,NA
LVTR2.5,NA,NA,37,LVTR2.5 PNA QNA #37,7/1/18,7/1/18,B,NA,3.3,1,NA,8,0,0,NA,NA,7/18/18,F,NA,17.5,1,NA,4,4,8,NA,8/6/18,NA,NA,NA,NA,NA,0,0,0,NA,8/27/18,NA,NA,NA,NA,0,0,0,NA
LVTR2.5,NA,NA,38,LVTR2.5 PNA QNA #38,7/1/18,7/1/18,B,NA,6.4,1,NA,10,0,0,NA,NA,7/18/18,F,NA,12.6,1,NA,3,2,6,NA,8/6/18,P,0.82,13,1,NA,0,0,5,5.6,8/27/18,SX,NA,NA,NA,0,0,0,NA
LVTR2.5,NA,NA,39,LVTR2.5 PNA QNA #39,7/1/18,7/1/18,V,NA,1.4,1,0.6,0,0,0,NA,1.3,7/18/18,V,NA,1.6,1,0.8,0,0,0,NA,8/6/18,V,1.14,3.2,1,0.9,0,0,0,NA,8/27/18,V,7.5,1,0.7,0,0,0,NA
LVTR2.5,NA,NA,40,LVTR2.5 PNA QNA #40,7/1/18,7/1/18,V,NA,4,1,1.4,0,0,0,NA,2.5,7/18/18,V,NA,3.9,1,1.8,0,0,0,NA,8/6/18,V,1.41,5.5,1,2.1,0,0,0,NA,8/27/18,V,9,1,2.2,0,0,0,NA
LVTR2.5,NA,NA,43,LVTR2.5 PNA QNA #43,7/1/18,7/1/18,B,NA,8.1,1,NA,11,0,0,NA,NA,7/18/18,F,NA,15.1,1,NA,3,2,7,NA,8/6/18,P,1.34,18,1,NA,0,0,7,7.2,8/27/18,SX,NA,NA,NA,0,0,0,NA
LVTR2.5,NA,NA,44,LVTR2.5 PNA QNA #44,7/1/18,7/1/18,V,NA,3.2,1,1.2,0,0,0,NA,2.5,7/18/18,V,NA,2.6,1,1.4,0,0,0,NA,8/6/18,V,2.02,5.8,1,1.5,0,0,0,NA,8/27/18,V,8.4,1,1.6,0,0,0,NA
LVTR2.5,NA,NA,41,LVTR2.5 PNA QNA #41,7/1/18,7/1/18,B,NA,10.9,NA,NA,20,0,0,NA,NA,7/18/18,F,NA,15.1,2,NA,6,4,9,NA,8/6/18,MISSING,NA,NA,NA,NA,0,0,0,NA,8/27/18,NA,NA,NA,NA,0,0,0,NA
LVTR2.5,NA,NA,42,LVTR2.5 PNA QNA #42,7/1/18,7/1/18,NA,NA,NA,NA,NA,0,0,0,NA,NA,7/18/18,NA,NA,NA,NA,NA,0,0,0,NA,8/6/18,MISSING,NA,NA,NA,NA,0,0,0,NA,8/27/18,NA,NA,NA,NA,0,0,0,NA
LVTR2,NA,NA,26,LVTR2 PNA QNA #26,7/1/18,7/1/18,V,NA,2.3,1,2.1,0,0,0,NA,NA,7/18/18,V,NA,35,1,2.3,0,0,0,NA,8/6/18,X,NA,NA,NA,NA,0,0,0,NA,8/27/18,NA,NA,NA,NA,0,0,0,NA
LVTR2,NA,NA,27,LVTR2 PNA QNA #27,7/1/18,7/1/18,B,NA,11.3,1,NA,11,0,0,NA,4,7/18/18,F,NA,14.4,5,NA,27,6,0,NA,8/6/18,F,2.91,17.5,6,NA,28,2,3,6.4,8/27/18,F,21,5,NA,9,7,21,NA
LVTR2,NA,NA,28,LVTR2 PNA QNA #28,7/1/18,7/1/18,F,NA,18,7,NA,71,18,0,NA,NA,7/18/18,F,NA,18.7,7,NA,24,2,23,NA,8/6/18,F,3.68,20.6,4,NA,24,13,37,7.2,8/27/18,SX,NA,NA,NA,0,0,0,NA
LVTR2,NA,NA,29,LVTR2 PNA QNA #29,7/1/18,7/1/18,F,NA,1.4,1,NA,8,4,0,NA,NA,7/18/18,F,NA,15.4,1,NA,3,2,7,NA,8/6/18,P,2.56,20.6,2,NA,0,0,9,7.2,8/27/18,SX,NA,NA,NA,0,0,0,NA
LVTR2,NA,NA,30,LVTR2 PNA QNA #30,7/1/18,7/1/18,F,NA,18.2,8,NA,50,12,0,NA,NA,7/18/18,F,NA,25,8,NA,15,9,44,NA,8/6/18,P,3.3,26.5,9,NA,0,0,35,6.6,8/27/18,SX,NA,NA,NA,0,0,0,NA
LVTR2,NA,NA,31,LVTR2 PNA QNA #31,7/1/18,7/1/18,B,NA,9.2,4,NA,22,0,0,NA,NA,7/18/18,F,NA,19.1,7,NA,17,16,20,NA,8/6/18,P,3.03,19.3,8,NA,0,0,30,6.6,8/27/18,SX,NA,NA,NA,0,0,0,NA
LVTR2,NA,NA,32,LVTR2 PNA QNA #32,7/1/18,7/1/18,V,NA,5.5,1,2.1,0,0,0,NA,NA,7/18/18,V,NA,5.4,1,2.5,0,0,0,NA,8/6/18,V,2.57,10.2,1,2.6,0,0,0,NA,8/27/18,SX,NA,NA,NA,0,0,0,NA
LVTR2,NA,NA,33,LVTR2 PNA QNA #33,7/1/18,7/1/18,F,NA,17.5,6,NA,27,8,3,NA,3.4,7/18/18,F,NA,15.3,8,NA,20,2,6,NA,8/6/18,P,3.55,18.5,6,NA,0,0,20,5.2,8/27/18,SX,NA,NA,NA,0,0,0,NA
LVTR2,NA,NA,34,LVTR2 PNA QNA #34,7/1/18,7/1/18,F,NA,15,10,NA,53,11,0,NA,NA,7/18/18,F,NA,18.5,10,NA,10,5,34,NA,8/6/18,F,3.84,19.5,10,NA,9,1,26,5,8/27/18,SX,NA,NA,NA,0,0,0,NA
LVTR2,NA,NA,35,LVTR2 PNA QNA #35,7/1/18,7/1/18,F,NA,17.7,12,NA,65,20,0,NA,NA,7/18/18,F,NA,19.8,12,NA,11,7,37,NA,8/6/18,P,3.53,21,10,NA,3,0,38,6,8/27/18,SX,NA,NA,NA,0,0,0,NA
LVTR2,NA,NA,36,LVTR2 PNA QNA #36,7/1/18,7/1/18,F,NA,18.8,8,NA,68,6,0,NA,NA,7/18/18,F,NA,18.3,8,NA,19,25,51,NA,8/6/18,P,3.36,21.5,3,NA,0,0,32,6.6,8/27/18,SX,NA,NA,NA,0,0,0,NA
LVTR2,NA,NA,37,LVTR2 PNA QNA #37,7/1/18,7/1/18,F,NA,13.7,7,NA,63,7,0,NA,NA,7/18/18,X,NA,NA,NA,NA,0,0,0,NA,8/6/18,X,NA,NA,NA,NA,0,0,0,NA,8/27/18,SX,NA,NA,NA,0,0,0,NA
LVTR2,NA,NA,38,LVTR2 PNA QNA #38,7/1/18,7/1/18,F,NA,21.4,7,NA,35,6,0,NA,NA,7/18/18,F,NA,25.5,7,NA,25,16,15,NA,8/6/18,P,2.55,25,6,NA,0,0,27,6.7,8/27/18,SX,NA,NA,NA,0,0,0,NA
LVTR2,NA,NA,39,LVTR2 PNA QNA #39,7/1/18,7/1/18,F,NA,20.2,10,NA,75,13,0,NA,NA,7/18/18,F,NA,20.4,9,NA,18,13,48,NA,8/6/18,P,3.61,21.5,7,NA,0,0,10,6.5,8/27/18,SX,NA,NA,NA,0,0,0,NA
LVTR2,NA,NA,40,LVTR2 PNA QNA #40,7/1/18,7/1/18,F,NA,19.6,10,NA,58,14,0,NA,NA,7/18/18,F,NA,27.1,10,NA,14,16,55,NA,8/6/18,F,3.97,16,11,NA,32,4,3,5,8/27/18,SX,NA,NA,NA,0,0,0,NA
LVTR2,NA,NA,41,LVTR2 PNA QNA #41,7/1/18,7/1/18,F,NA,15.2,8,NA,48,9,0,NA,NA,7/18/18,F,NA,18.7,8,NA,15,11,35,NA,8/6/18,P,3.27,21,7,NA,0,0,27,7.7,8/27/18,SX,NA,NA,NA,0,0,0,NA
LVTR2,NA,NA,42,LVTR2 PNA QNA #42,7/1/18,7/1/18,F,NA,11.7,3,NA,25,3,0,NA,NA,7/18/18,X,NA,NA,NA,NA,0,0,0,NA,8/6/18,X,NA,NA,NA,NA,0,0,0,NA,8/27/18,SX,NA,NA,NA,0,0,0,NA
LVTR2,NA,NA,43,LVTR2 PNA QNA #43,7/1/18,7/1/18,F,NA,12.4,10,NA,38,12,0,NA,NA,7/18/18,F,NA,22.4,10,NA,13,22,42,NA,8/6/18,P,4.85,16,7,NA,0,0,14,5.1,8/27/18,SX,NA,NA,NA,0,0,0,NA
LVTR2,NA,NA,44,LVTR2 PNA QNA #44,7/1/18,7/1/18,F,NA,16.2,12,NA,87,33,2,NA,NA,7/18/18,F,NA,21,12,NA,18,24,52,NA,8/6/18,P?,4.91,14.5,10,NA,0,0,0,0,8/27/18,SX,NA,NA,NA,0,0,0,NA
LVTR2,NA,NA,45,LVTR2 PNA QNA #45,7/1/18,7/1/18,F,NA,9.4,2,NA,15,3,0,NA,NA,7/18/18,F,NA,13.5,2,NA,3,2,15,NA,8/6/18,X,NA,NA,NA,NA,0,0,0,NA,8/27/18,SX,NA,NA,NA,0,0,0,NA
LVTR2,NA,NA,46,LVTR2 PNA QNA #46,7/1/18,7/1/18,V,NA,4.4,2,0.8,0,0,0,NA,1.5,7/18/18,X,NA,NA,NA,NA,0,0,0,NA,8/6/18,X,NA,NA,NA,NA,0,0,0,NA,8/27/18,SX,NA,NA,NA,0,0,0,NA
LVTR2,NA,NA,47,LVTR2 PNA QNA #47,7/1/18,7/1/18,F,NA,15.5,7,NA,46,30,4,NA,NA,7/18/18,F,NA,17.5,7,NA,13,3,52,NA,8/6/18,P,3.44,15.5,9,NA,0,0,23,5.8,8/27/18,SX,NA,NA,NA,0,0,0,NA
LVTR2,NA,NA,48,LVTR2 PNA QNA #48,7/1/18,7/1/18,F,NA,20.3,8,NA,63,22,1,NA,NA,7/18/18,F,NA,29,8,NA,16,9,58,NA,8/6/18,P?,2.9,16,9,NA,0,0,0,0,8/27/18,SX,NA,NA,NA,0,0,0,NA
LVTR2,NA,NA,49,LVTR2 PNA QNA #49,7/1/18,7/1/18,B,NA,4,5,NA,6,0,0,NA,NA,7/18/18,F,NA,10.1,5,NA,16,7,5,NA,8/6/18,P,2.53,13.5,5,NA,0,0,8,4.1,8/27/18,SX,NA,NA,NA,0,0,0,NA
LVTR2,NA,NA,50,LVTR2 PNA QNA #50,7/1/18,7/1/18,F,NA,19.5,13,NA,48,35,2,NA,NA,7/18/18,F,NA,18.2,3,NA,13,4,38,NA,8/6/18,P,2.59,10.5,6,NA,0,0,8,4.7,8/27/18,SX,NA,NA,NA,0,0,0,NA
LVTR2,NA,NA,1,LVTR2 PNA QNA #1,2017,7/1/18,D,NA,NA,NA,NA,0,0,0,NA,NA,7/18/18,NA,NA,NA,NA,NA,0,0,0,NA,8/6/18,NA,NA,NA,NA,NA,0,0,0,NA,8/27/18,NA,NA,NA,NA,0,0,0,NA
LVTR2,NA,NA,2,LVTR2 PNA QNA #2,2017,7/1/18,D,NA,NA,NA,NA,0,0,0,NA,NA,7/18/18,NA,NA,NA,NA,NA,0,0,0,NA,8/6/18,NA,NA,NA,NA,NA,0,0,0,NA,8/27/18,NA,NA,NA,NA,0,0,0,NA
LVTR2,NA,NA,3,LVTR2 PNA QNA #3,2017,7/1/18,D,NA,NA,NA,NA,0,0,0,NA,NA,7/18/18,NA,NA,NA,NA,NA,0,0,0,NA,8/6/18,NA,NA,NA,NA,NA,0,0,0,NA,8/27/18,NA,NA,NA,NA,0,0,0,NA
LVTR2,NA,NA,4,LVTR2 PNA QNA #4,2017,7/1/18,D,NA,NA,NA,NA,0,0,0,NA,NA,7/18/18,NA,NA,NA,NA,NA,0,0,0,NA,8/6/18,NA,NA,NA,NA,NA,0,0,0,NA,8/27/18,NA,NA,NA,NA,0,0,0,NA
LVTR2,NA,NA,5,LVTR2 PNA QNA #5,2017,7/1/18,B,NA,6,1,NA,11,0,0,NA,NA,7/18/18,F,NA,10.5,1,NA,4,2,3,NA,8/6/18,P,1.21,14.6,1,NA,0,0,4,6.4,8/27/18,SX,NA,NA,NA,0,0,0,NA
LVTR2,NA,NA,6,LVTR2 PNA QNA #6,2017,7/1/18,D,NA,NA,NA,NA,0,0,0,NA,NA,7/18/18,NA,NA,NA,NA,NA,0,0,0,NA,8/6/18,NA,NA,NA,NA,NA,0,0,0,NA,8/27/18,NA,NA,NA,NA,0,0,0,NA
LVTR2,NA,NA,7,LVTR2 PNA QNA #7,2017,7/1/18,D,NA,NA,NA,NA,0,0,0,NA,NA,7/18/18,NA,NA,NA,NA,NA,0,0,0,NA,8/6/18,NA,NA,NA,NA,NA,0,0,0,NA,8/27/18,NA,NA,NA,NA,0,0,0,NA
LVTR2,NA,NA,8,LVTR2 PNA QNA #8,2017,7/1/18,D,NA,NA,NA,NA,0,0,0,NA,NA,7/18/18,NA,NA,NA,NA,NA,0,0,0,NA,8/6/18,NA,NA,NA,NA,NA,0,0,0,NA,8/27/18,NA,NA,NA,NA,0,0,0,NA
LVTR2,NA,NA,9,LVTR2 PNA QNA #9,2017,7/1/18,D,NA,NA,NA,NA,0,0,0,NA,NA,7/18/18,NA,NA,NA,NA,NA,0,0,0,NA,8/6/18,NA,NA,NA,NA,NA,0,0,0,NA,8/27/18,NA,NA,NA,NA,0,0,0,NA
LVTR2,NA,NA,10,LVTR2 PNA QNA #10,2017,7/1/18,D,NA,NA,NA,NA,0,0,0,NA,NA,7/18/18,NA,NA,NA,NA,NA,0,0,0,NA,8/6/18,NA,NA,NA,NA,NA,0,0,0,NA,8/27/18,NA,NA,NA,NA,0,0,0,NA
LVTR2,NA,NA,11,LVTR2 PNA QNA #11,2017,7/1/18,D,NA,NA,NA,NA,0,0,0,NA,NA,7/18/18,NA,NA,NA,NA,NA,0,0,0,NA,8/6/18,NA,NA,NA,NA,NA,0,0,0,NA,8/27/18,NA,NA,NA,NA,0,0,0,NA
LVTR2,NA,NA,12,LVTR2 PNA QNA #12,2017,7/1/18,D,NA,NA,NA,NA,0,0,0,NA,NA,7/18/18,NA,NA,NA,NA,NA,0,0,0,NA,8/6/18,NA,NA,NA,NA,NA,0,0,0,NA,8/27/18,NA,NA,NA,NA,0,0,0,NA
LVTR2,NA,NA,13,LVTR2 PNA QNA #13,2017,7/1/18,D,NA,NA,NA,NA,0,0,0,NA,NA,7/18/18,NA,NA,NA,NA,NA,0,0,0,NA,8/6/18,NA,NA,NA,NA,NA,0,0,0,NA,8/27/18,NA,NA,NA,NA,0,0,0,NA
LVTR2,NA,NA,14,LVTR2 PNA QNA #14,2017,7/1/18,D,NA,NA,NA,NA,0,0,0,NA,NA,7/18/18,NA,NA,NA,NA,NA,0,0,0,NA,8/6/18,NA,NA,NA,NA,NA,0,0,0,NA,8/27/18,NA,NA,NA,NA,0,0,0,NA
LVTR2,NA,NA,15,LVTR2 PNA QNA #15,2017,7/1/18,D,NA,NA,NA,NA,0,0,0,NA,NA,7/18/18,NA,NA,NA,NA,NA,0,0,0,NA,8/6/18,NA,NA,NA,NA,NA,0,0,0,NA,8/27/18,NA,NA,NA,NA,0,0,0,NA
LVTR2,NA,NA,16,LVTR2 PNA QNA #16,2017,7/1/18,D,NA,NA,NA,NA,0,0,0,NA,NA,7/18/18,NA,NA,NA,NA,NA,0,0,0,NA,8/6/18,NA,NA,NA,NA,NA,0,0,0,NA,8/27/18,NA,NA,NA,NA,0,0,0,NA
LVTR2,NA,NA,17,LVTR2 PNA QNA #17,2017,7/1/18,D,NA,NA,NA,NA,0,0,0,NA,NA,7/18/18,NA,NA,NA,NA,NA,0,0,0,NA,8/6/18,NA,NA,NA,NA,NA,0,0,0,NA,8/27/18,NA,NA,NA,NA,0,0,0,NA
LVTR2,NA,NA,18,LVTR2 PNA QNA #18,2017,7/1/18,D,NA,NA,NA,NA,0,0,0,NA,NA,7/18/18,NA,NA,NA,NA,NA,0,0,0,NA,8/6/18,NA,NA,NA,NA,NA,0,0,0,NA,8/27/18,NA,NA,NA,NA,0,0,0,NA
LVTR2,NA,NA,19,LVTR2 PNA QNA #19,2017,7/1/18,D,NA,NA,NA,NA,0,0,0,NA,NA,7/18/18,NA,NA,NA,NA,NA,0,0,0,NA,8/6/18,NA,NA,NA,NA,NA,0,0,0,NA,8/27/18,NA,NA,NA,NA,0,0,0,NA
LVTR2,NA,NA,20,LVTR2 PNA QNA #20,2017,7/1/18,D,NA,NA,NA,NA,0,0,0,NA,NA,7/18/18,NA,NA,NA,NA,NA,0,0,0,NA,8/6/18,NA,NA,NA,NA,NA,0,0,0,NA,8/27/18,NA,NA,NA,NA,0,0,0,NA
LVTR2,NA,NA,21,LVTR2 PNA QNA #21,2017,7/1/18,D,NA,NA,NA,NA,0,0,0,NA,NA,7/18/18,NA,NA,NA,NA,NA,0,0,0,NA,8/6/18,NA,NA,NA,NA,NA,0,0,0,NA,8/27/18,NA,NA,NA,NA,0,0,0,NA
LVTR2,NA,NA,22,LVTR2 PNA QNA #22,2017,7/1/18,D,NA,NA,NA,NA,0,0,0,NA,NA,7/18/18,NA,NA,NA,NA,NA,0,0,0,NA,8/6/18,NA,NA,NA,NA,NA,0,0,0,NA,8/27/18,NA,NA,NA,NA,0,0,0,NA
LVTR2,NA,NA,23,LVTR2 PNA QNA #23,2017,7/1/18,D,NA,NA,NA,NA,0,0,0,NA,NA,7/18/18,NA,NA,NA,NA,NA,0,0,0,NA,8/6/18,NA,NA,NA,NA,NA,0,0,0,NA,8/27/18,NA,NA,NA,NA,0,0,0,NA
LVTR2,NA,NA,24,LVTR2 PNA QNA #24,2017,7/1/18,D,NA,NA,NA,NA,0,0,0,NA,NA,7/18/18,NA,NA,NA,NA,NA,0,0,0,NA,8/6/18,NA,NA,NA,NA,NA,0,0,0,NA,8/27/18,NA,NA,NA,NA,0,0,0,NA
LVTR2,NA,NA,25,LVTR2 PNA QNA #25,2017,7/1/18,D,NA,NA,NA,NA,0,0,0,NA,NA,7/18/18,NA,NA,NA,NA,NA,0,0,0,NA,8/6/18,NA,NA,NA,NA,NA,0,0,0,NA,8/27/18,NA,NA,NA,NA,0,0,0,NA
LVTR1,NA,NA,1,LVTR1 PNA QNA #1,2017,7/1/18,D,NA,NA,NA,NA,0,0,0,NA,NA,7/18/18,NA,NA,NA,NA,NA,0,0,0,NA,8/6/18,NA,NA,NA,NA,NA,0,0,0,NA,8/27/18,NA,NA,NA,NA,0,0,0,NA
LVTR1,NA,NA,2,LVTR1 PNA QNA #2,2017,7/1/18,D,NA,NA,NA,NA,0,0,0,NA,NA,7/18/18,NA,NA,NA,NA,NA,0,0,0,NA,8/6/18,NA,NA,NA,NA,NA,0,0,0,NA,8/27/18,NA,NA,NA,NA,0,0,0,NA
LVTR1,NA,NA,3,LVTR1 PNA QNA #3,2017,7/1/18,D,NA,NA,NA,NA,0,0,0,NA,NA,7/18/18,NA,NA,NA,NA,NA,0,0,0,NA,8/6/18,NA,NA,NA,NA,NA,0,0,0,NA,8/27/18,NA,NA,NA,NA,0,0,0,NA
LVTR1,NA,NA,4,LVTR1 PNA QNA #4,2017,7/1/18,D,NA,NA,NA,NA,0,0,0,NA,NA,7/18/18,NA,NA,NA,NA,NA,0,0,0,NA,8/6/18,NA,NA,NA,NA,NA,0,0,0,NA,8/27/18,NA,NA,NA,NA,0,0,0,NA
LVTR1,NA,NA,5,LVTR1 PNA QNA #5,2017,7/1/18,D,NA,NA,NA,NA,0,0,0,NA,NA,7/18/18,NA,NA,NA,NA,NA,0,0,0,NA,8/6/18,NA,NA,NA,NA,NA,0,0,0,NA,8/27/18,NA,NA,NA,NA,0,0,0,NA
LVTR1,NA,NA,6,LVTR1 PNA QNA #6,2017,7/1/18,D,NA,NA,NA,NA,0,0,0,NA,NA,7/18/18,NA,NA,NA,NA,NA,0,0,0,NA,8/6/18,NA,NA,NA,NA,NA,0,0,0,NA,8/27/18,NA,NA,NA,NA,0,0,0,NA
LVTR1,NA,NA,7,LVTR1 PNA QNA #7,2017,7/1/18,D,NA,NA,NA,NA,0,0,0,NA,NA,7/18/18,NA,NA,NA,NA,NA,0,0,0,NA,8/6/18,NA,NA,NA,NA,NA,0,0,0,NA,8/27/18,NA,NA,NA,NA,0,0,0,NA
LVTR1,NA,NA,8,LVTR1 PNA QNA #8,2017,7/1/18,D,NA,NA,NA,NA,0,0,0,NA,NA,7/18/18,NA,NA,NA,NA,NA,0,0,0,NA,8/6/18,NA,NA,NA,NA,NA,0,0,0,NA,8/27/18,NA,NA,NA,NA,0,0,0,NA
LVTR1,NA,NA,9,LVTR1 PNA QNA #9,2017,7/1/18,D,NA,NA,NA,NA,0,0,0,NA,NA,7/18/18,NA,NA,NA,NA,NA,0,0,0,NA,8/6/18,NA,NA,NA,NA,NA,0,0,0,NA,8/27/18,NA,NA,NA,NA,0,0,0,NA
LVTR1,NA,NA,10,LVTR1 PNA QNA #10,2017,7/1/18,D,NA,NA,NA,NA,0,0,0,NA,NA,7/18/18,NA,NA,NA,NA,NA,0,0,0,NA,8/6/18,NA,NA,NA,NA,NA,0,0,0,NA,8/27/18,NA,NA,NA,NA,0,0,0,NA
LVTR1,NA,NA,11,LVTR1 PNA QNA #11,2017,7/1/18,D,NA,NA,NA,NA,0,0,0,NA,NA,7/18/18,NA,NA,NA,NA,NA,0,0,0,NA,8/6/18,NA,NA,NA,NA,NA,0,0,0,NA,8/27/18,NA,NA,NA,NA,0,0,0,NA
LVTR1,NA,NA,12,LVTR1 PNA QNA #12,2017,7/1/18,D,NA,NA,NA,NA,0,0,0,NA,NA,7/18/18,NA,NA,NA,NA,NA,0,0,0,NA,8/6/18,NA,NA,NA,NA,NA,0,0,0,NA,8/27/18,NA,NA,NA,NA,0,0,0,NA
LVTR1,NA,NA,13,LVTR1 PNA QNA #13,2017,7/1/18,D,NA,NA,NA,NA,0,0,0,NA,NA,7/18/18,NA,NA,NA,NA,NA,0,0,0,NA,8/6/18,NA,NA,NA,NA,NA,0,0,0,NA,8/27/18,NA,NA,NA,NA,0,0,0,NA
LVTR1,NA,NA,14,LVTR1 PNA QNA #14,2017,7/1/18,D,NA,NA,NA,NA,0,0,0,NA,NA,7/18/18,NA,NA,NA,NA,NA,0,0,0,NA,8/6/18,NA,NA,NA,NA,NA,0,0,0,NA,8/27/18,NA,NA,NA,NA,0,0,0,NA
LVTR1,NA,NA,15,LVTR1 PNA QNA #15,2017,7/1/18,D,NA,NA,NA,NA,0,0,0,NA,NA,7/18/18,NA,NA,NA,NA,NA,0,0,0,NA,8/6/18,NA,NA,NA,NA,NA,0,0,0,NA,8/27/18,NA,NA,NA,NA,0,0,0,NA
LVTR1,NA,NA,16,LVTR1 PNA QNA #16,2017,7/1/18,D,NA,NA,NA,NA,0,0,0,NA,NA,7/18/18,NA,NA,NA,NA,NA,0,0,0,NA,8/6/18,NA,NA,NA,NA,NA,0,0,0,NA,8/27/18,NA,NA,NA,NA,0,0,0,NA
LVTR1,NA,NA,17,LVTR1 PNA QNA #17,2017,7/1/18,D,NA,NA,NA,NA,0,0,0,NA,NA,7/18/18,NA,NA,NA,NA,NA,0,0,0,NA,8/6/18,NA,NA,NA,NA,NA,0,0,0,NA,8/27/18,NA,NA,NA,NA,0,0,0,NA
LVTR1,NA,NA,18,LVTR1 PNA QNA #18,2017,7/1/18,D,NA,NA,NA,NA,0,0,0,NA,NA,7/18/18,NA,NA,NA,NA,NA,0,0,0,NA,8/6/18,NA,NA,NA,NA,NA,0,0,0,NA,8/27/18,NA,NA,NA,NA,0,0,0,NA
LVTR1,NA,NA,19,LVTR1 PNA QNA #19,2017,7/1/18,D,NA,NA,NA,NA,0,0,0,NA,NA,7/18/18,NA,NA,NA,NA,NA,0,0,0,NA,8/6/18,NA,NA,NA,NA,NA,0,0,0,NA,8/27/18,NA,NA,NA,NA,0,0,0,NA
LVTR1,NA,NA,20,LVTR1 PNA QNA #20,2017,7/1/18,D,NA,NA,NA,NA,0,0,0,NA,NA,7/18/18,NA,NA,NA,NA,NA,0,0,0,NA,8/6/18,NA,NA,NA,NA,NA,0,0,0,NA,8/27/18,NA,NA,NA,NA,0,0,0,NA
LVTR1,NA,NA,21,LVTR1 PNA QNA #21,2017,7/1/18,D,NA,NA,NA,NA,0,0,0,NA,NA,7/18/18,NA,NA,NA,NA,NA,0,0,0,NA,8/6/18,NA,NA,NA,NA,NA,0,0,0,NA,8/27/18,NA,NA,NA,NA,0,0,0,NA
LVTR1,NA,NA,22,LVTR1 PNA QNA #22,2017,7/1/18,D,NA,NA,NA,NA,0,0,0,NA,NA,7/18/18,NA,NA,NA,NA,NA,0,0,0,NA,8/6/18,NA,NA,NA,NA,NA,0,0,0,NA,8/27/18,NA,NA,NA,NA,0,0,0,NA
LVTR1,NA,NA,23,LVTR1 PNA QNA #23,2017,7/1/18,D,NA,NA,NA,NA,0,0,0,NA,NA,7/18/18,NA,NA,NA,NA,NA,0,0,0,NA,8/6/18,NA,NA,NA,NA,NA,0,0,0,NA,8/27/18,NA,NA,NA,NA,0,0,0,NA
LVTR1,NA,NA,24,LVTR1 PNA QNA #24,2017,7/1/18,D,NA,NA,NA,NA,0,0,0,NA,NA,7/18/18,NA,NA,NA,NA,NA,0,0,0,NA,8/6/18,NA,NA,NA,NA,NA,0,0,0,NA,8/27/18,NA,NA,NA,NA,0,0,0,NA
LVTR1,NA,NA,25,LVTR1 PNA QNA #25,2017,7/1/18,D,NA,NA,NA,NA,0,0,0,NA,NA,7/18/18,NA,NA,NA,NA,NA,0,0,0,NA,8/6/18,NA,NA,NA,NA,NA,0,0,0,NA,8/27/18,NA,NA,NA,NA,0,0,0,NA
LVTR1,NA,NA,26,LVTR1 PNA QNA #26,7/1/18,7/1/18,B,NA,5.5,1,NA,7,0,0,NA,NA,7/18/18,F,NA,12.3,1,NA,5,7,0,NA,8/6/18,P,1.01,12,1,NA,0,0,0,NA,8/27/18,MISSING,MISSING,MISSING,MISSING,0,0,0,MISSING
LVTR1,NA,NA,27,LVTR1 PNA QNA #27,7/1/18,7/1/18,V,NA,3.8,1,0.7,0,0,0,NA,1.6,7/18/18,V,NA,3,1,0.9,0,0,0,NA,8/6/18,V,0.8,4,1,0.7,0,0,0,NA,8/27/18,MISSING,MISSING,MISSING,MISSING,0,0,0,MISSING
LVTR1,NA,NA,28,LVTR1 PNA QNA #28,7/1/18,7/1/18,B,NA,10.6,3,NA,24,0,0,NA,NA,7/18/18,F,NA,16.3,3,NA,6,3,13,NA,8/6/18,P,2.19,19,2,NA,0,0,8,6.6,8/27/18,MISSING,MISSING,MISSING,MISSING,0,0,0,MISSING
LVTR1,NA,NA,29,LVTR1 PNA QNA #29,7/1/18,7/1/18,B,NA,17,7,NA,51,0,0,NA,NA,7/18/18,F,NA,27.2,7,NA,15,17,36,NA,8/6/18,P,3.63,27.5,2,NA,0,0,33,7.2,8/27/18,MISSING,MISSING,MISSING,MISSING,0,0,0,MISSING
LVTR1,NA,NA,30,LVTR1 PNA QNA #30,7/1/18,7/1/18,B,NA,5.8,3,NA,21,0,0,NA,NA,7/18/18,F,NA,13.1,4,NA,12,7,7,NA,8/6/18,P,1.67,14,3,NA,0,0,7,5,8/27/18,MISSING,MISSING,MISSING,MISSING,0,0,0,MISSING
LVTR1,NA,NA,31,LVTR1 PNA QNA #31,7/1/18,7/1/18,B,NA,8.5,1,NA,14,0,0,NA,NA,7/18/18,F,NA,17.3,1,NA,0,3,12,NA,8/6/18,P,1.75,16,1,NA,0,0,8,6.7,8/27/18,MISSING,MISSING,MISSING,MISSING,0,0,0,MISSING
LVTR1,NA,NA,32,LVTR1 PNA QNA #32,7/1/18,7/1/18,V,NA,4,1,0.8,0,0,0,NA,1.7,7/18/18,V,NA,2.2,1,1.3,0,0,0,NA,8/6/18,V,1.23,3,1,1.4,0,0,0,NA,8/27/18,MISSING,MISSING,MISSING,MISSING,0,0,0,MISSING
LVTR1,NA,NA,33,LVTR1 PNA QNA #33,7/1/18,7/1/18,B,NA,13,5,NA,22,0,0,NA,NA,7/18/18,F,NA,16.2,1,NA,15,5,10,NA,8/6/18,P,2.21,16.2,5,NA,0,0,12,5.8,8/27/18,MISSING,MISSING,MISSING,MISSING,0,0,0,MISSING
LVTR1,NA,NA,34,LVTR1 PNA QNA #34,7/1/18,7/1/18,V,NA,1.7,1,0.4,0,0,0,NA,0.7,7/18/18,V,NA,1.8,5,0.4,0,0,0,NA,8/6/18,V,0.52,1.2,1,0.4,0,0,0,NA,8/27/18,MISSING,MISSING,MISSING,MISSING,0,0,0,MISSING
LVTR1,NA,NA,35,LVTR1 PNA QNA #35,7/1/18,7/1/18,B,NA,8.6,1,NA,16,0,0,NA,NA,7/18/18,F,NA,13.5,6,NA,6,2,3,NA,8/6/18,F,3.16,15.5,5,NA,8,4,9,8.5,8/27/18,MISSING,MISSING,MISSING,MISSING,0,0,0,MISSING
LVTR1,NA,NA,36,LVTR1 PNA QNA #36,7/1/18,7/1/18,B,NA,7.7,1,NA,16,0,0,NA,NA,7/18/18,F,NA,12.3,1,NA,34,1,0,NA,8/6/18,F,3.1,15,7,NA,0,2,18,6.3,8/27/18,MISSING,MISSING,MISSING,MISSING,0,0,0,MISSING
LVTR1,NA,NA,37,LVTR1 PNA QNA #37,7/1/18,7/1/18,B,NA,6,2,NA,13,0,0,NA,NA,7/18/18,F,NA,11.6,4,NA,45,4,1,NA,8/6/18,MISSING,NA,NA,NA,NA,0,0,0,NA,8/27/18,MISSING,MISSING,MISSING,MISSING,0,0,0,MISSING
LVTR1,NA,NA,38,LVTR1 PNA QNA #38,7/1/18,7/1/18,V,NA,2.3,1,0.7,0,0,0,NA,2.1,7/18/18,V,NA,2.4,1,1.3,0,0,0,NA,8/6/18,V,14.6,3.2,1,1.7,0,0,0,NA,8/27/18,MISSING,MISSING,MISSING,MISSING,0,0,0,MISSING
LVTR1,NA,NA,39,LVTR1 PNA QNA #39,7/1/18,7/1/18,B,NA,8.1,6,NA,0,59,0,NA,NA,7/18/18,F,NA,18.2,6,NA,13,16,38,NA,8/6/18,P,3.42,19.2,7,NA,0,0,32,8.1,8/27/18,MISSING,MISSING,MISSING,MISSING,0,0,0,MISSING
LVTR1,NA,NA,40,LVTR1 PNA QNA #40,7/1/18,7/1/18,B,NA,11.3,1,NA,0,14,0,NA,NA,7/18/18,F,NA,3.1,1,NA,17,4,0,NA,8/6/18,F,2.57,19,5,NA,8,6,23,6,8/27/18,MISSING,MISSING,MISSING,MISSING,0,0,0,MISSING
LVTR1,NA,NA,41,LVTR1 PNA QNA #41,7/1/18,7/1/18,F,NA,17.6,20,NA,0,115,27,NA,NA,7/18/18,F,NA,18.5,20,NA,8,12,75,NA,8/6/18,P,5.16,20.5,3,NA,0,0,68,6.5,8/27/18,MISSING,MISSING,MISSING,MISSING,0,0,0,MISSING
LVTR1,NA,NA,42,LVTR1 PNA QNA #42,7/1/18,7/1/18,F,NA,16.6,3,NA,0,14,6,NA,NA,7/18/18,F,NA,19,3,NA,2,1,20,NA,8/6/18,P,3.19,19,3,NA,0,0,19,7,8/27/18,MISSING,MISSING,MISSING,MISSING,0,0,0,MISSING
LVTR1,NA,NA,43,LVTR1 PNA QNA #43,7/1/18,7/1/18,F,NA,14.8,5,NA,0,26,16,NA,NA,7/18/18,F,NA,16.3,4,NA,6,2,29,NA,8/6/18,P,3.77,18,4,NA,0,0,25,6.3,8/27/18,MISSING,MISSING,MISSING,MISSING,0,0,0,MISSING
LVTR1,NA,NA,44,LVTR1 PNA QNA #44,7/1/18,7/1/18,F,NA,11,1,NA,0,12,3,NA,NA,7/18/18,F,NA,14,4,NA,7,7,6,NA,8/6/18,P,2.42,16,4,NA,0,0,12,7.2,8/27/18,MISSING,MISSING,MISSING,MISSING,0,0,0,MISSING
LVTR1,NA,NA,45,LVTR1 PNA QNA #45,7/1/18,7/1/18,F,NA,11,3,NA,0,12,5,NA,NA,7/18/18,F,NA,15.1,3,NA,5,2,11,NA,8/6/18,P,2.01,14.2,3,NA,0,0,11,6,8/27/18,MISSING,MISSING,MISSING,MISSING,0,0,0,MISSING
LVTR1,NA,NA,46,LVTR1 PNA QNA #46,7/1/18,7/1/18,F,NA,12.5,6,NA,0,22,3,NA,NA,7/18/18,F,NA,18.6,5,NA,5,6,20,NA,8/6/18,P,2.79,16.5,4,NA,0,0,18,5.6,8/27/18,MISSING,MISSING,MISSING,MISSING,0,0,0,MISSING
LVTR1,NA,NA,47,LVTR1 PNA QNA #47,7/1/18,7/1/18,F,NA,7.2,2,NA,0,12,3,NA,NA,7/18/18,F,NA,8.5,5,NA,5,3,13,NA,8/6/18,P,2.36,9,4,NA,0,0,12,5.3,8/27/18,MISSING,MISSING,MISSING,MISSING,0,0,0,MISSING
LVTR1,NA,NA,48,LVTR1 PNA QNA #48,7/1/18,7/1/18,F,NA,8.8,4,NA,0,9,2,NA,NA,7/18/18,F,NA,19.3,4,NA,4,6,17,NA,8/6/18,P,2.38,19,4,NA,0,0,18,6.5,8/27/18,MISSING,MISSING,MISSING,MISSING,0,0,0,MISSING
LVTR1,NA,NA,49,LVTR1 PNA QNA #49,7/1/18,7/1/18,F,NA,4,1,NA,0,5,1,NA,NA,7/18/18,P,NA,8.9,1,NA,0,0,6,NA,8/6/18,P,1.3,9,1,NA,0,0,6,5.4,8/27/18,MISSING,MISSING,MISSING,MISSING,0,0,0,MISSING
LVTR1,NA,NA,50,LVTR1 PNA QNA #50,7/1/18,7/1/18,F,NA,7,2,NA,0,8,1,NA,NA,7/18/18,F,NA,14.2,2,NA,4,3,12,NA,8/6/18,P,3.08,13.8,3,NA,0,0,14,6,8/27/18,MISSING,MISSING,MISSING,MISSING,0,0,0,MISSING